chant_type,mode,incipit,page
introitus,4,Accipite iucunditatem,243
introitus,7,Adorate Deum,264
introitus,6,Cantate Domino,225
introitus,3,Cartas Dei,248
introitus,2,Cibriteos,377
introitus,5,Circumdederunt me . . . ri,17
introitus,2,Clamaverunt iusti,450
introitus,5,Cogitationes Cordis eius —,384
introitus,3,Cognovi Domine . . . . $,25
introitus,3,Confessio . . . . . . S,86
introitus,1,De ventre matris mez,570
introitus,3,"Deus, dum egredereris",244
introitus,4,"Deus, in nomine tuo",116
introitus,6,Dicit Dominus: Ego,366
introitus,4,Dicit Dominus Petro,573
introitus,3,Dignusest Agnus,388
introitus,8,Dilexisti,498
introitus,3,"Dispersit, dedit pauperibus",519
introitus,5,"Domine, in tua misericordia",278
introitus,8,"Domine, nelonge facias",132
introitus,5,"Domine, refugium",79
introitus,2,Dominusfortitudoplebissum,294
introitus,2,Dominus illuminatio mea,288
introitus,1,Dominus secus mare,264
introitus,3,Dumclamarem,303
introitus,8,Dum medium silentium. . ^,53
introitus,3,Dum sanctificatus fuero,249
introitus,2,Ecceadvenit,56
introitus,5,Ecce Deus adiuvat me,307
introitus,3,Ecce oculi Domini,439
introitus,7,Eduxit Dominus,214
introitus,1,Ego autem cum iustitia,94
introitus,3,Egoautem sicutoliva,424
introitus,3,Egoclamavi,354
introitus,6,Eso mii,275
introitus,1,Etenim sederunt principes,632
introitus,2,Exoreinfanium,638
introitus,4,"Exaudi, Domine...adiutor",291
introitus,1,"Exaudi, Domine... tibi dixit",241
introitus,7,"Exaudi nos, Domine",69
introitus,4,Exaudivit,239
introitus,1,Excdamaverunt,559
introitus,7,Exspecta Dominum,126
introitus,6,Exsultate Deo,311
introitus,2,"Exsurge, Domine",106
introitus,2,"Fac mecum, Domine",105
introitus,1,Factusest Dominus,281
introitus,1,Gaudeamus... Agathm,545
introitus,1,Gaudeamus... Benedicti,869
introitus,1,Gaudeamus ... Maria: ... fes- tivitate vel solernnitate,405
introitus,1,Gaudeamus ... Sanctorum omnium,619
introitus,5,Gaudens gaudebo,628
introitus,1,Gaudete in Domino,21
introitus,6,Hodie scietis,38
introitus,3,In Deo laudabo,000
introitus,8,In excelso throno,257
introitus,6,In medio Ecclesire,493
introitus,3,In nomine Domini,155
introitus,3,In nomine Iesu,582
introitus,7,In virtute tua ... iustus,473
introitus,7,In virtute tua ... rex,523
introitus,4,In voluntate tua,346
introitus,,Inclina Domine,326
introitus,3,Intret oratio mea,363
introitus,8,Introduxit vos,200
introitus,8,Invocabit me,71
introitus,8,Jubilate Deo,219
introitus,4,"Iudica, Domine",150
introitus,4,"Iudica me, Deus",120
introitus,1,udicant sancti,425
introitus,6,Iusti epulentur,450
introitus,1,"ustus es, Domine",33
introitus,1,Iustus ut palma,508
introitus,8,Lretabitur iustus,473
introitus,5,Lretare Jerusalem,00
introitus,2,"Lretetur cor . .268,357 Laudate, pueri",522
introitus,1,Lex Domini,86
introitus,3,Liberator meus,128
introitus,5,Loquebar,526
introitus,3,Loquetur Dominus pacem,3
introitus,8,Lux fulgebit,44
introitus,2,Me exspectaverunt,498
introitus,1,Meditatio cordis mei,103
introitus,1,Memento nostri,29
introitus,2,Mihi autem nimis,425
introitus,8,Miserere ... ad te,33
introitus,3,Miserere ... conculcavit,125
introitus,5,Miserere ... tribulor,130
introitus,,Misereris omnium,62
introitus,4,Misericordia Domini,222
introitus,2,Multre tribulationes,451
introitus,7,Ne derelinquas me,360
introitus,7,Ne timeas,568
introitus,4,Nos autem gloriari,162
introitus,3,Nunc scio vere,575
introitus,7,Oculi mei,96
introitus,6,Ornnes gentes,297
introitus,,Omnia qua: fecisti,342
introitus,4,Omnis terra,260
introitus,6,Os iusti,494
introitus,7,Populus Sion,08
introitus,7,"Probasti, Domine",474
introitus,4,Prope es tu,24
introitus,4,Protector noster,3
introitus,7,Protexisti me,442
introitus,7,Puer natus est nobis,47
introitus,6,Quasi modo,216
introitus,3,Redemisti nos,659
introitus,2,Redime me,91
introitus,4,Reminiscere,80
introitus,3,Repleatur os meum,246
introitus,6,Requiem reternam,669
introitus,7,"Respice, Domine",319
introitus,6,Respice in me,284
introitus,4,Resurrexi,196
introitus,,Rorate . . Ps,84
introitus,,Benedixisti,403
introitus,,Rorate .. Ps,08
introitus,,: Creli enar- rant,34
introitus,6,Sacerdotes Dei,447
introitus,2,Sacerdotes eius,448
introitus,3,Sacerdotes tui,485
introitus,1,Salus autem,451
introitus,4,Salus populi,339
introitus,2,"Salve, sancta Parens",403
introitus,3,Sancti tui,440
introitus,,Sapientiam sanctorum,452
introitus,1,Scio cui credidi,535
introitus,3,Si iniquitates,350
introitus,4,Sicut oculi servorum,77
introitus,7,Signum magnum,5
introitus,2,Sitientes,114
introitus,8,Spiritus Domini,252
introitus,1,Stabant iuxta crucem,600
introitus,1,Statuit ei Dominus,445
introitus,1,Suscepimus,3
introitus,2,Terribilis est locus iste,39
introitus,3,Tibi dixit cor meum,88
introitus,3,Timete Dominum,4
introitus,2,V eni et ostende nobis,27
introitus,2,"Venite, adoremus",271
introitus,7,"Venite, benedicti",205
introitus,5,Verba mea,8
introitus,8,Victricem manum,208
introitus,8,Vir Dei Benedictus,86
introitus,7,Viri Galilrei,235
introitus,3,Vocem iucunditatis,229
introitus,2,Vultum tuum,404
graduale,2,A summa crelo,27
graduale,2,Ab occultis meis,101
graduale,5,Ad Dominum,282
graduale,3,Adiutor in opportunitatibus,69
graduale,2,Adiutor meus,86
graduale,5,Adiuvabit earn,526
graduale,2,Angelis suis,72
graduale,5,Anima nostra,453
graduale,7,"Audi, filia",406
graduale,1,Beata gens,333
graduale,5,Beatus vir qui timet,475
graduale,7,Benedicam Dominum,3
graduale,3,Benedicite Dominum 6oS,
graduale,5,Benedicta es tu,629
graduale,4,Benedicta et venerabilis,407
graduale,7,Benedictus Dominus,257
graduale,5,"Benedictus es, Domine",372
graduale,5,Benedictus qui venit,45
graduale,5,Bonum est confidere,324
graduale,5,Bonum est confiteri,327
graduale,5,Christus factus est,148
graduale,7,Clamaverunt iusti,454
graduale,2,Collegerunt,135
graduale,1,Concupivit rex,408
graduale,5,Constitues eos,426
graduale,5,"Convertere, Domine",295
graduale,1,Custodi me,304
graduale,8,"Deus, exaudi",107
graduale,8,"Deus, vitam meam 6oi",
graduale,5,Diffusa est gratia,408
graduale,8,Dilexisti,4
graduale,7,Dirigatur,3
graduale,5,Discerne causam meam,
graduale,2,Dispersit,
graduale,5,Dominabitur,
graduale,2,"Domine, Deus virtutum",
graduale,5,"Domine, Dominus noster",
graduale,4,"Domine, prrevenisti eum",
graduale,2,"Domine, refugium",
graduale,1,Dulcis et rectus Dominus,
graduale,1,Ecce quam bonum,351
graduale,5,Ecce sacerdos,4
graduale,3,Ego autem,152
graduale,5,Ego dixi: Domine,279
graduale,3,"Eripe me, Domine",121
graduale,5,Esto mihi,301
graduale,5,Ex Sion,18
graduale,3,Exaltabo te,112
graduale,5,Exaltent eum,548
graduale,2,"Excita, Domine",33
graduale,5,Exiit sermo,636
graduale,2,Exsultabit cor meum,409
graduale,2,Exsultabunt sancti,45
graduale,3,Exsurge ... et intende. I,50
graduale,3,Exsurge ... fer opem . I,14
graduale,3,Exsurge ... non prrevaleat,96
graduale,5,Fuit homo,569
graduale,5,Gloria et honore,4
graduale,1,Gloriosus Deus,4
graduale,2,Hrec dies . 'fl. Benedictus,212
graduale,,. . V,096
graduale,2,Confitemini - Y. . zo6,
graduale,2,Dextera,
graduale,2,'f1. Dicant nunc,
graduale,2,Hrec dies 'fl. Dicat nunc,201
graduale,2,y. Lapidem,209
graduale,2,Hodie scietis,38
graduale,7,!acta cogitatum tuum,285
graduale,5,In Deo speravit,311
graduale,2,In omnerri terram,427
graduale,2,In sole posuit,30
graduale,1,Inveni David,445
graduale,3,Iuravit Dominus,486
graduale,5,Iustorum animre,457
graduale,5,Iustus cum ceciderit,476
graduale,2,Iustus ut palma,510
graduale,7,Lretatus sum,336
graduale,3,Laudate Dominum,664
graduale,7,Liberasti nos,366
graduale,5,Locus iste,397
graduale,1,"Miserere mei, Deus",63
graduale,7,"Miserere mihi, Domine",103
graduale,5,Misit Dominus,261
graduale,2,Ne avertas I,55
graduale,2,Nimis honorati sunt,428
graduale,5,Nova bella,865
graduale,7,Oculi omnium,343
graduale,5,Omnes de Saba venient,57
graduale,1,Os iusti,494
graduale,2,Ostende nobis,31
graduale,5,Pacifice loquebantur,131
graduale,1,"Posuisti, Domine",477
graduale,5,Priusquam te formarem,57
graduale,5,"Probasti, Domine",587
graduale,5,Prope est Dominus,35
graduale,5,Propitius esto,288
graduale,5,Propter veritatem,410
graduale,5,Protector noster,292
graduale,5,Qui operatus est,536
graduale,7,"Qui sedes, Domine",22
graduale,5,Quis sicut Dominus,269
graduale,2,Requiem reternam,670
graduale,5,"Respice, Domine",320
graduale,1,Sacerdotes eius,488
graduale,7,Salvum fac populum,354
graduale,1,Salvum fac servum tuum,85
graduale,1,Sciant gentes,88
graduale,5,Sederunt principes,633
graduale,1,Si ambulem,125
graduale,5,Specie tua,411
graduale,3,Speciosus,54
graduale,5,Suscepimus,360
graduale,2,Tecum principium,42
graduale,4,Tenuisti manum,133
graduale,3,"Tibi, Domine",008
graduale,5,Timebunt gentes,265
graduale,1,Timete Dominum,458
graduale,5,Tollite hostias,272
graduale,2,Tollite portas,25
graduale,5,Tribulationes,81
graduale,3,"Tu es, Deus",275
graduale,5,Unam petii,358
graduale,1,Universi qui te exspectant,16
graduale,2,Uxor tua,646
graduale,5,"Venite, filii",298
graduale,5,Viderunt omnes,48
alleluia,3,Adducentur,500
alleluia,7,Adorabo,270
alleluia,4,Amavit eum,495
alleluia,8,Angelus Domini,201
alleluia,4,Ascendit Deus,236
alleluia,5,Assumpta est Maria,59
alleluia,2,"Ave, Maria",412
alleluia,1,Beatus vir qui suffert,511
alleluia,5,Beatus vir qui timet,511
alleluia,5,Beatus vir sanctus Martinus,621
alleluia,5,Bene fundata est,399
alleluia,4,Benedicite Domino,612
alleluia,8,"Benedictus es, Domine",375
alleluia,2,Benedictus qui venit,5
alleluia,7,Candor est lucis reternre,585
alleluia,1,Cantate Domino,330
alleluia,1,Cantate Domino ( altera me- lodia),276
alleluia,7,Caro mea,378
alleluia,1,Christus resurgens,226
alleluia,3,Cognoverunt discipuli,220
alleluia,7,Confitebuntur creli,478
alleluia,2,Confitemini ... et invocate,340
alleluia,8,Confitemini... quoniam bo- nus,191
alleluia,8,Confitemini ... quoniam bo- nus ( altera melodia),239
alleluia,4,Constitues eos,429
alleluia,2,Corpora sanctorum,459
alleluia,8,Crastina die,39
alleluia,7,De profundis,367
alleluia,1,De quacumque tribulatione,558
alleluia,8,"Deus, iudex iustus",286
alleluia,7,"Deus, qui sedes",289
alleluia,4,Dextera Dei,226
alleluia,8,Dicite in gentibus,212
alleluia,2,Dies sanctificatus,49
alleluia,8,Diffusa est gratia,413
alleluia,1,Dilexit Andream,625
alleluia,8,Dispersit,52
alleluia,2,Disposui testamentum,489
alleluia,1,"Domine, Deus meus",282
alleluia,3,"Domine, Deus salutis mere",317
alleluia,2,"Domine, dilexi",400
alleluia,7,"Domine, exaudi",334
alleluia,6,"Domine, in vinute tua",292
alleluia,7,"Domine, refugium",321
alleluia,8,Dominus dixit ad me,43
alleluia,8,Dominus in Sina,236
alleluia,2,"Dominus regnavit, decorem",46
alleluia,8,"Dominus regnavit, exsultet",266
alleluia,8,Dulce lignum,598
alleluia,1,Dum complerentur,250
alleluia,1,Ego sum pastor bonus,223
alleluia,1,Ego vos elegi,429
alleluia,4,Emitte Spiritum tuum,253
alleluia,2,Emitte Spiritum tuum ( alte- ra melodia),249
alleluia,2,Eripe me,308
alleluia,4,"Excita, Domine",23
alleluia,7,Exivi a Patre,230
alleluia,7,Exsultabo et lretabor,656
alleluia,7,Exsultate Deo,312
alleluia,8,Fac nos innocuam,558
alleluia,4,Fecisti viriliter,866
alleluia,8,"Felix es, sacra Virgo",414
alleluia,1,Franciscus pauper,613
alleluia,1,Fulgebunt iusti,460
alleluia,4,"Gaudete, iusti",430
alleluia,8,Hrec dies,214
alleluia,8,Hrec est vera fratemitas,460
alleluia,4,Hrec est virgo sapiens,50
alleluia,2,Hie est discipulus,637
alleluia,2,Hie est sacerdos,449
alleluia,7,In die resurrectionis,216
alleluia,2,In exitu Israel,348
alleluia,3,"In te, Domine, speravi",296
alleluia,2,Inveni David,446
alleluia,3,lubilate Deo,258
alleluia,1,Iuravit Dominus,489
alleluia,1,lusti epulentur,461
alleluia,1,Iustorum anima:,462
alleluia,1,lustus germinabit,496
alleluia,2,Iustus non conturbabitur,479
alleluia,1,Iustus ut palma,516
alleluia,7,Lretabitur iustus,479
alleluia,1,Lretatus sum,19
alleluia,8,"Lauda, anima mea",355
alleluia,4,"Lauda, Jerusalem",358
alleluia,4,Laudate Deum,262
alleluia,2,Laudate Dominum,273
alleluia,4,"Laudate, pueri",215
alleluia,7,Levita Laurentius,588
alleluia,1,Loquebantur,431
alleluia,2,Loquebar,528
alleluia,7,Magnus Dominus,302
alleluia,2,Magnus sanctus Paulus,537
alleluia,5,"Memento, Domine, David",490
alleluia,1,Mirabilis Dominus,462
alleluia,8,Mittat vobis,646
alleluia,7,Multifarie,52
alleluia,8,Nimis honorati sunt,431
alleluia,1,Non vos relinquam,242
alleluia,,Ioachim sancte,58
alleluia,,quam bonus,517
alleluia,,quam pulchra,50
alleluia,1,Omnes gentes,298
alleluia,4,Oportebat,220
alleluia,8,Ostende nobis,16
alleluia,3,Paratum cor meum,344
alleluia,7,Pascha nostrum,197
alleluia,7,Post dies octo,217
alleluia,4,"Post partum, Virgo",414
alleluia,1,"Posuisti, Domine",480
alleluia,1,Potestas eius,389
alleluia,4,Pretiosa,463
alleluia,1,Propitius esto,345
alleluia,2,Propter veritatem,415
alleluia,4,Qui posuit fines,364
alleluia,2,Qui sequitur me,480
alleluia,1,Qui timent Dominum,352
alleluia,7,Quinque prudentes virgines,502
alleluia,7,Quoniam Deus,327
alleluia,2,Redemptionem,223
alleluia,1,Regnavit Dominus,242
alleluia,8,Requiem a:ternam,672
alleluia,1,"Rogavi pro te, Petre",549
alleluia,8,Sancte Michael,609
alleluia,8,Sancte Paule,6
alleluia,2,Sancti tui ... benedicent,46
alleluia,8,Sancti tui. .. florebunt,464
alleluia,1,Senex puerum portabat,544
alleluia,7,Sollemnitas,597
alleluia,1,"Solve, iubente Deo",665
alleluia,8,Specie tua,416
alleluia,8,Spiritus est qui vivificat,245
alleluia,8,Spiritus Sanctus docebit,4
alleluia,2,Stabat sancta Maria,602
alleluia,1,Surrexit Christus et illuxit,230
alleluia,2,Surrexit Christus qui creavit,209
alleluia,1,Surrexit Dominus de sepul- cro,203
alleluia,8,Surrexit Dominus vere,206
alleluia,8,Tanto tempore,560
alleluia,7,Te decet hymnus,305
alleluia,5,Te gloriosus,432
alleluia,5,Te martyrum,4
alleluia,1,Timebunt gentes,337
alleluia,3,Tollite iugum meum,385
alleluia,1,Tota pulchra es,630
alleluia,2,Tu es Petrus,576
alleluia,8,Tu es sacerdos,449
alleluia,2,"Tu, puer",57
alleluia,3,"Veni, Domine",36
alleluia,2,"Veni, Sancte Spiritus",253
alleluia,8,Venite ad me,619
alleluia,7,"Venite, exsultemus",324
alleluia,2,Verba mea,280
alleluia,8,Verbo Domini,361
alleluia,2,Video ca:los apertos,634
alleluia,2,Vidimus stellam,58
alleluia,6,Vir Dei Benedictus,870
alleluia,8,Virga !esse,416
alleluia,,Sequentire,
alleluia,6,La:ta dies,871
alleluia,7,"Lauda, Sion",379
alleluia,2,Stabat Mater,602
alleluia,1,"Veni, Sancte Spiritus",253
alleluia,1,Victima: paschali laudes,198
tractus,8,Ab ortu solis,163
tractus,8,"Absolve, Domine",672
tractus,8,Ad te levavi,97
tractus,8,Attende ca:lum,189
tractus,2,"Audi, filia",4
tractus,8,Beatus vir,481
tractus,8,Cantemus Domino,186
tractus,8,Commovisti,89
tractus,2,Confitemini Domino,158
tractus,8,De profundis,673
tractus,8,Desiderium,432
tractus,2,"Deus, Deus meus",144
tractus,2,"Domine, exaudi",172
tractus,2,"Domine, non secundum pec- cata nostra",64
tractus,2,Emine Spiritum tuum,661
tractus,2,"Gaude, Maria Virgo",418
tractus,8,Jubilate Domino,185
tractus,8,Laudate Dominum,187
tractus,8,Qui confidunt,109
tractus,2,Qui habitat,73
tractus,8,Qui seminant,465
tractus,8,Sa:pe expugnaverunt,122
tractus,8,Sicut cervus,190
tractus,8,"Veni, sponsa Christi",503
tractus,8,Vinea facta est,188
offertorium,2,"Ad te, Domine, levavi",17
offertorium,1,Afferentur.. . post earn,505
offertorium,4,Afferentur ... proxima:,504
offertorium,8,Angelus Domini,217
offertorium,2,Anima nostra,466
offertorium,1,Ascendit Deus,237
offertorium,8,Assumpta est Maria,592
offertorium,8,"Audi, Israel",30
offertorium,8,"Ave, Maria",630
offertorium,8,"Ave, Maria ... et benedi- ctus",36
offertorium,8,"Beata es, Virgo Maria",420
offertorium,5,"Benedic, anima mea",362
offertorium,1,Benedicam Dominum,293
offertorium,2,"Benedicite, gentes",231
offertorium,8,Benedictus es ... et non tra- das,131
offertorium,3,Benedictus es... in labiis meis,277
offertorium,8,Benedictus qui venit,60
offertorium,3,Benedictus sit,375
offertorium,4,"Benedixisti, Domine",23
offertorium,8,Benedixerunt earn,866
offertorium,8,"Bonum est confiteri .270,369",
offertorium,4,Confessio,589
offertorium,4,"Confirma hoc, Deus",255
offertorium,6,Confitebor Domino,240
offertorium,1,"Confitebor tibi, Domine",123
offertorium,7,Confitebuntur ca:li,441
offertorium,4,Confortamini,26
offertorium,3,Constitues eos,434
offertorium,1,Custodi me . I,54
offertorium,2,De profundis,
offertorium,6,Desiderium anima: eius,
offertorium,2,"Deus, Deus meus",224
offertorium,8,Deus enim firmavit,46
offertorium,3,"Deus, tu convertens",20
offertorium,2,Dextera Domini ( cum alle- luia),194
offertorium,2,Dextera Domini (sine alle- luia),267
offertorium,8,Diffusa est gratia,421
offertorium,6,"Domine, ad adiuvandum me",94
offertorium,6,"Domine, convertere",283
offertorium,6,"Domine Deus, in simplicitate",401
offertorium,8,"Domine, Deus salutis mere",87
offertorium,3,"Domine, exaudi orationem meam",156
offertorium,4,"Domine, fac mecum",104
offertorium,2,Domine Iesu Christe,674
offertorium,6,"Domine, in auxilium",331
offertorium,3,"Domine, vivifica me",359
offertorium,8,Elegerunt Apostoli,634
offertorium,8,Emine Spiritum tuum,250
offertorium,7,Eripe me ... Deus,129
offertorium,3,Eripe me ... Domine ISI,
offertorium,6,Erit vobis,213
offertorium,2,Exaltabo te,313
offertorium,8,"Exaudi, Deus, orationem meam",100
offertorium,5,Exspectans exspectavi,328
offertorium,3,Exsulta satis,28
offertorium,4,Exsultabunt sancti,466
offertorium,4,Factus est Dominus,119
offertorium,1,Felix namque es,422
offertorium,3,Filia: regum,5
offertorium,1,Gloria et honore,434
offertorium,6,Gloriabuntur,467
offertorium,8,Gressus meos,365
offertorium,4,Illumina oculos moos,290
offertorium,8,Immittet angelus,325
offertorium,8,Improperium exspectavit,386
offertorium,8,Improperium ... et dederunt,148
offertorium,1,In die sollemnitatis,210
offertorium,2,In omnem terram,435
offertorium,2,In te speravi,322
offertorium,6,In virtute tua,5
offertorium,5,Intende voci,280
offertorium,4,Intonuit de ca:lo,204
offertorium,8,Inveni David,447
offertorium,5,Iubilate Deo omnis terra,259
offertorium,1,Iubilate Deo universa terra,227
offertorium,4,Iustitia: Domini,309
offertorium,1,ustorum anima:,468
offertorium,4,Iustus ut palma,497
offertorium,1,La:tamini (sine alleluia),468
offertorium,1,La:tamini ( cum alleluia),443
offertorium,4,La:tentur ca:li,44
offertorium,4,"Lauda, anima mea",221
offertorium,2,Laudate Dominum,110
offertorium,8,Levabo oculos meos,78
offertorium,2,Meditabor (sine alleluia),356
offertorium,2,Meditabor ( cum alleluia),245
offertorium,3,Mihi autem nimis,435
offertorium,8,Mirabilis Deus,469
offertorium,8,Miserere mihi,9
offertorium,8,Oratio mea,5
offertorium,4,Oravi Deum meum,334
offertorium,4,Perfice gressus meos,273
offertorium,5,Populum humilem,302
offertorium,8,Panas ca:li,207
offertorium,4,Pastula a me,390
offertorium,8,Posuisti,482
offertorium,8,Precatus est Moyses,317
offertorium,2,"Protege, Domine",599
offertorium,,Recordare mei,352
offertorium,,"Recordare, Virgo Mater",422
offertorium,5,Reges Tharsis,5
offertorium,1,Repleti sumus,441
offertorium,5,Sanctificavit,338
offertorium,8,Scapulis suis,76
offertorium,,Si ambulavero,341
offertorium,,Sicut in holocausto,299
offertorium,3,Sperent in te,286
offertorium,1,Stetit angelus,610
offertorium,1,Super flumina,345
offertorium,4,Terra tremuit,199
offertorium,2,Tollite portas,40
offertorium,4,Tui sunt ca:li,4
offertorium,2,Veritas mea,483
offertorium,2,Vir erat,349
offertorium,1,Viri Galila:i,237
communio,4,Ab occultis meis,113
communio,4,Acceptabis,309
communio,5,Adversum me I,54
communio,6,Alleluia ( ter),195
communio,1,Amen dico vobis : Quidquid,368
communio,4,Amen dico vobis: Quod uni,7
communio,1,Amen dico vobis : Quod vos,436
communio,2,Aufer a me,353
communio,1,Beata viscera,423
communio,6,Beatam me dicent,592
communio,1,Beati mundo corde,5
communio,3,Beatus servus,4
communio,4,Benedicimus Deum,376
communio,3,"Benedicite, omnes angeli",610
communio,2,Cantabo Domino,283
communio,2,Cantate Domino,222
communio,8,Christus resurgens,207
communio,6,Circuibo,297
communio,8,Comedite pinguia,268
communio,1,Confundantur superbi,5
communio,2,Cum invocarem te So,
communio,1,Data est mihi,213
communio,6,De fructu,329
communio,8,Dicit Andreas,263
communio,6,Dicit Dominus : Implete hy- drias,263
communio,7,Dicite : Pusillanimes,23
communio,8,Dico autem vobis,470
communio,5,Dico vobis : Gaudium,387
communio,6,Diffusa est gratia,4
communio,4,Dilexisti iustitiam,5
communio,2,"Domine, Deus meus",87
communio,2,"Domine, Dominus noster",357
communio,8,"Domine, memorabor",332
communio,7,"Domine, quinque talenta",5
communio,6,"Domine, quis habitabit",102
communio,1,Dominus dab it benignitatem,17
communio,2,Dominus firmamentum me- urn,290
communio,2,Dominus regit me,365
communio,3,Dominus virtutum,108
communio,5,Demus mea,4
communio,8,Dum venerit Paraclitus,233
communio,6,Ecce Dominus veniet,26
communio,1,Ecce virgo,37
communio,8,Ego clamavi,287
communio,2,Ego sum pastor bonus,224
communio,8,Ego sum vitis vera,228
communio,1,Ego vos elegi,4
communio,4,Erubescant et conturbentur,85
communio,7,Erubescant et revereantur I,52
communio,1,Et si coram hominibus,4
communio,2,Exiit sermo,637
communio,4,"Exsulta, filia Sion",4
communio,6,Exsultavit ut gigas,28
communio,7,Factus est repente,256
communio,4,Feci iudicium,529
communio,7,Fidelis servus,4
communio,1,"Fili, quid fecisti",51
communio,1,"Florete, flares",614
communio,3,Frumentum Christi sum,617
communio,1,"Gaudete, iusti",442
communio,8,Gloriosa,631
communio,3,Gustate et videte,303
communio,8,Hoc corpus,170
communio,6,Honora Dominum,314
communio,4,"Jerusalem, qua: a:dificatur",370
communio,2,"Jerusalem, surge",20
communio,1,Illumina faciem tuam,271
communio,1,In salutari tuo,350
communio,6,In splendoribus,44
communio,4,lnclina aurem tuam,300
communio,5,Intellege clamorem,82
communio,8,Introibo,274
communio,7,"Joseph, fili David",55
communio,3,lustorum anima:,4
communio,5,lustus Dominus,93
communio,2,La:tabimur,359
communio,5,La:tabitur iustus,4
communio,8,Lavabo,129
communio,6,Lutum fecit . III,
communio,8,Lux a:terna,676
communio,4,Magna est gloria eius,437
communio,1,Manducaverunt,278
communio,4,Memento verbi tui,346
communio,8,Mense septimo,274
communio,7,Mirabantur omnes,267
communio,6,"Mitte manum tuam, et co- gnosce",218
communio,6,Mitte manum tuam in latus meum,660
communio,8,Modicum,234
communio,,i,2
communio,,Multitude languentium,4
communio,2,Narrabo,281
communio,7,Ne tradideris me,132
communio,8,Nemo te condemnavit,124
communio,5,Non vos relinquam orphanos,232
communio,7,Notas mihi fecisti (sine alle- luia),260
communio,7,Notas mihi fecisti (cum alle- luia),362
communio,2,Omnes qui in Christo bapti- zati estis,61
communio,8,Oportet te,95
communio,8,Optimam partem,507
communio,5,Pacem meam,228
communio,5,Panem de ca:lo,319
communio,1,Panis quem ego dedero,322
communio,6,Pascha nostrum,199
communio,1,Passer invenit,306
communio,4,"Pater, cum essem",243
communio,8,"Pater, si non potest",149
communio,4,Per signum crucis,600
communio,1,Petite (sine alleluia),83
communio,1,Petite (cum alleluia),314
communio,7,Populus acquisitionis,210
communio,1,Posuerunt,471
communio,6,Posuisti,483
communio,2,Potum meum,157
communio,8,Primum qua:rite,325
communio,1,Principes,530
communio,1,Psallite Domino,238
communio,3,Qui biberit aquam,99
communio,7,Qui biberit aquam ( altera melodia),99
communio,6,Qui manducat,383
communio,3,Qui meditabitur,67
communio,5,Qui mihi ministrat,484
communio,1,Qui vult venire,484
communio,1,Quicumque fecerit,515
communio,5,Quinque prudentes virgines,507
communio,5,Quis dabit,101
communio,4,Quod dico vobis,472
communio,7,"Redime me, Deus",128
communio,8,Responsum,544
communio,1,Revelabitur,40
communio,3,Scapulis suis,77
communio,6,Sedebit Dominus,391
communio,4,Semel iuravi,492
communio,5,Servite Domino,68
communio,4,Si ambulavero,867
communio,7,Si consurrexistis,205
communio,7,Signa,437
communio,8,Simile est regnum ca:lorum,519
communio,6,Simon Joannis,574
communio,8,Spiritus qui a Patre procedit,233
communio,8,Spiritus Sanctus docebit vos,232
communio,8,Spiritus ubi vult spirat,218
communio,6,Surrexit Dominus,202
communio,4,Tanto tempore. s6o,
communio,7,Tolle puerum,51
communio,4,Tollite hostias,338
communio,3,"Tu, Domine, servabis",95
communio,6,"Tu es Petrus ·550,577",
communio,5,Tu mandasti,342
communio,2,"Tu, puer",572
communio,5,Ultimo festivitatis,
communio,7,Unam petii,
communio,7,"Unus militum Veni, Domine",
communio,8,Venite post me,
communio,1,Videns Dominus,
communio,8,Video ca:los apertos,
communio,1,Viderunt omnes,50
communio,4,Vidimus stellam,59
communio,1,Visionem,90
communio,6,Voce mea,71
communio,1,Vos qui secuti estis me,438
communio,2,Vos qui secuti estis me ... di­ cit Dominus,
communio,2,Vovete,
communio,7,Vox in Rama,
antiphona,6,Adorna,540
antiphona,6,Alleluia (ter),195
antiphona,8,Aperite mihi portas iustitire,698
antiphona,4,Apud Dominum,678
antiphona,7,Asperges me I,707
antiphona,7,Asperges me II (tonus sim- plex),707
antiphona,4,Asperges me III,708
antiphona,2,Audivi vocem de crelo,689
antiphona,7,Care mea,702
antiphona,8,Chorus angelorum,697
antiphona,4,Credo videre bona Domini,704
antiphona,4,Crucem tuam . I,75
antiphona,8,Delicta iuventutis mere,701
antiphona,5,"Domine, tu mihi lavas pedes",165
antiphona,2,Dominus Iesus,165
antiphona,3,Ecce Dominus noster,539
antiphona,6,Ecce lignum crucis,174
antiphona,2,Ego sum resurrectio,697
antiphona,4,Iesu nostra redemptio,
antiphona,1,Exsultabunt Domino,688
antiphona,4,Habitabit,680
antiphona,1,Hrec porta Domini,699
antiphona,7,Hosanna filio David,137
antiphona,1,Immutemur habitu,65
antiphona,7,In hoc cognoscent ornnes,166
antiphona,8,In pace in idipsum,703
antiphona,7,In paradisum,697
antiphona,4,Iuxta vestibulum,65
antiphona,8,Lumen ad revelationem gen- tium,540
antiphona,3,Mandatum novum,167
antiphona,7,Maneant in vobis,167
antiphona,8,Memento mei,679
antiphona,8,Obtulerunt,849
antiphona,3,Placebo Domino,686
antiphona,4,Postquam surrexit,164
antiphona,1,Pueri ... portantes,138
antiphona,1,Pueri. .. vestimenta,140
antiphona,1,Qui exspectant Dominum,691
antiphona,8,Qui habitas in crelis,690
antiphona,2,Redemptor meus vivit,687
antiphona,2,Responsum accepit,541
antiphona,4,Si ego Dominus,166
antiphona,2,Sitivit anima mea,700
antiphona,6,Ubi caritas,168
antiphona,8,Vidi aquam,
hymnus,8,l£terne rex altissime,855
hymnus,7,Benedictus es,37
hymnus,1,"Gloria, laus",
hymnus,,Redemptor . I,59
hymnus,3,"Pange, lingua ... corporis",170
hymnus,1,"Pange, lingua ... prrelium",182
hymnus,4,Sacris solemniis,851
hymnus,1,Sacris solemniis (alter tonus),8
hymnus,3,Te Deum (tonus solemnis),838
hymnus,3,Te Deum (tonus simplex),841
hymnus,3,Te Deum (secundum morem Romanum),844
hymnus,8,V eni Creator,848
hymnus,8,Verbum supernum,854
psalmus,,"Ad te, Domine, levavi ani- mam meam",701
psalmus,,Ad te levavi oculos meos,690
psalmus,,Confitemini. .. et invocate,853
psalmus,,Confitemini... quoniam b onus,137
psalmus,8,"Conserva me, Deus",702
psalmus,,"Credidi, etiam cum locu- tus sum",687
psalmus,,De profundis,678
psalmus,,"Dilexi, quoniam exaudit Dominus",686
psalmus,,"Domine, quis habitabit",680
psalmus,,Domini est terra,139
psalmus,,Dominus illuminatio mea,704
psalmus,,Dominus pascit me,679
psalmus,,In convertendo,685
psalmus,4,Invocantem exaudi me Deus,703
psalmus,,Lretatus sum,684
psalmus,,Levabo oculos meos,689
psalmus,,"Memento, Domine, David",691
psalmus,,"Miserere mei, Deus",688
psalmus,,Misericordias Domini,683
psalmus,,Omnes gentes,140
psalmus,,Quemadmodum desiderat cervus,700
psalmus,,Can tic a evangelica Benedictus Dominus,856
psalmus,,Magnificat,856
psalmus,,i,
responsorium,4,Antequam nascerer,694
responsorium,8,Credo quod Redemptor meus vivit,694
responsorium,2,Emendemus in melius,66
responsorium,2,Ingrediente Domino,143
responsorium,1,"Libera me, Domine, de viis",696
responsorium,2,Obtulerunt,542
responsorium,4,Qui Lazarum resuscitasti,695
responsorium,,"Rogamus te, Domine",693
responsorium,4,"Subvenite, sancti Dei",692
responsorium,,Responsa Alleluia,685
responsorium,,"Domine, exaudi vocem meam",680
responsorium,,Facti sumus sicut consolati,685
responsorium,,In retemum cantabo,683
responsorium,,In domum Domini,684
responsorium,,In loco pascure,682
varia,,Improperia : Popule meus,176
varia,,Litanire (in Vigilia Paschali),192
varia,,Litanire Sanctorum,831
varia,,Tantum ergo,857
