id,page_idx,column,bbox_x1,bbox_y1,bbox_x2,bbox_y2,chant_type,mode,incipit,page
4,1,left,94,389,515,413,introitus,4,Accipite iucunditatem,243
5,1,left,96,419,515,444,introitus,8,Ad te levavi,15
6,1,left,95,449,516,474,introitus,7,Adorate Deum,264
7,1,left,95,480,515,503,introitus,7,Aqua sapientiae,202
8,1,left,95,510,516,534,introitus,7,Audivit Dominus,68
9,1,left,95,570,516,594,introitus,3,Benedicite Dominum,607
10,1,left,96,600,514,624,introitus,8,Benedicta sit,371
11,1,left,94,660,516,685,introitus,6,Cantate Domino,225
12,1,left,95,690,517,715,introitus,5,Cantemus Domino,864
13,1,left,95,721,516,745,introitus,3,Caritas Dei,248
14,1,left,95,750,516,775,introitus,2,Cibavit eos,377
15,1,left,95,781,516,806,introitus,5,Circumdederunt me,117
16,1,left,95,811,449,831,introitus,2,Clamaverunt iusti,450
17,1,left,95,841,517,866,introitus,5,Cogitationes Cordis eius,384
18,1,left,95,871,516,896,introitus,3,"Cognovi, Domine",525
19,1,left,95,901,517,926,introitus,3,Confesio,586
20,1,left,97,962,518,986,introitus,1,Da pacem,336
21,1,left,95,991,518,1016,introitus,4,De necessitatibus meis,84
22,1,left,97,1022,518,1046,introitus,1,De ventre matris meae,570
23,1,left,95,1051,518,1076,introitus,3,"Deus, dum egredereris",244
24,1,left,95,1082,517,1106,introitus,7,"Deus, in adiutorium",315
25,1,left,96,1112,519,1137,introitus,5,Deus in loco sancto suo,310
26,1,left,95,1142,519,1166,introitus,4,"Deus, in nomine tuo",116
27,1,left,96,1172,519,1197,introitus,6,Dicit Dominus: Ego,366
28,1,left,95,1202,519,1226,introitus,4,Dicit Dominus Petro,573
29,1,left,98,1232,451,1252,introitus,1,Dicit Dominus : Sermones mei,398
29,1,left,98,1232,451,1252,introitus,1,Dicit Dominus : Sermones mei,624
31,1,left,97,1292,519,1316,introitus,3,Dignus est Agnus,388
32,1,left,97,1322,519,1347,introitus,8,Dilexiti,498
33,1,left,97,1352,521,1377,introitus,3,"Dispersit, dedit pauperibus",519
34,1,left,97,1383,520,1407,introitus,5,"Domine, in tua misericordia",278
35,1,left,98,1412,520,1437,introitus,8,"Domine, ne longe facias",132
36,1,left,98,1443,521,1467,introitus,5,"Domine, refugum",79
37,1,left,97,1472,518,1496,introitus,2,Dominus dixit,41
39,1,right,554,328,977,353,introitus,2,Dominus fortitudo plebis suae,294
40,1,right,553,358,976,379,introitus,2,Dominus illuminatio mea,288
41,1,right,556,388,977,413,introitus,1,Dominus secus mare,264
42,1,right,554,419,976,443,introitus,3,Dum clamarem,303
43,1,right,555,449,976,473,introitus,8,Dum medium silentium,53
44,1,right,554,479,977,503,introitus,3,Dum sanctificatus fuero,249
45,1,right,554,539,978,564,introitus,2,Ecce advenit,56
46,1,right,555,569,977,594,introitus,5,Ecce Deus adiuvat me,307
47,1,right,554,599,977,624,introitus,3,Ecce oculi Domini,439
48,1,right,554,630,977,654,introitus,7,Eduxit Dominus,214
49,1,right,554,660,908,684,introitus,4,Eduxiteos,211
50,1,right,556,690,977,714,introitus,1,Ego autem cum iustitia,94
51,1,right,556,720,910,745,introitus,1,Ego autem in Domino speravi,111
53,1,right,555,780,978,805,introitus,3,Ego autem sicut oliva,424
54,1,right,555,811,978,835,introitus,3,Ego clamavi,354
55,1,right,555,841,976,865,introitus,6,Esto mihi,275
56,1,right,557,871,978,895,introitus,1,Etenim sederunt principes,632
57,1,right,555,901,978,924,introitus,2,Ex ore infantium,638
58,1,right,556,930,911,956,introitus,5,"Exaudi, Deus, orationem meam",115
60,1,right,556,991,977,1015,introitus,4,"Exaudi, Domine adiutor",291
61,1,right,558,1021,977,1045,introitus,1,"Exaudi, Domine tibi dixit",241
62,1,right,556,1051,979,1076,introitus,7,"Exaudi nos, Domine",69
63,1,right,556,1082,980,1106,introitus,4,Exaudivit,239
64,1,right,559,1112,980,1135,introitus,1,Exclaamaverunt,559
65,1,right,557,1141,980,1166,introitus,7,Exspecta Dominum,126
66,1,right,557,1172,977,1194,introitus,6,Exsultate Deo,311
67,1,right,557,1201,981,1226,introitus,2,"Exsurge, Domine",106
68,1,right,559,1231,978,1256,introitus,1,"Exsurge, quare obdormis",91
69,1,right,558,1291,980,1315,introitus,2,"Fac mecum, Domine",105
70,1,right,560,1321,979,1342,introitus,1,Factus est Dominus,281
71,1,right,560,1381,981,1406,introitus,1,Gaudeamus Agathe,545
72,1,right,560,1412,982,1435,introitus,1,Gaudeamus Benedicti,869
73,1,right,561,1442,915,1462,introitus,1,Gaudeamus Mariae Assumptione,591
75,2,left,98,115,450,135,introitus,1,Gaudeamus Mariae festivitate vel solemnitate,405
77,2,left,98,174,451,195,introitus,1,Gaudeamus Sanctorum omnium,619
79,2,left,96,235,517,260,introitus,5,Gaudens gaudebo,628
80,2,left,99,265,516,285,introitus,1,Gaudete in Domino,21
81,2,left,97,326,517,350,introitus,6,Hodie scietis,38
82,2,left,97,386,518,410,introitus,3,In Deo laudabo,100
83,2,left,97,417,518,440,introitus,8,In excelso throno,257
84,2,left,97,446,517,471,introitus,6,In medio Ecclesiae,493
85,2,left,98,477,451,501,introitus,3,In nomine Domini,155
86,2,left,97,507,517,531,introitus,3,In nomine Iesu,582
87,2,left,97,537,517,560,introitus,7,In virtute tua iustus,473
88,2,left,98,567,517,591,introitus,7,In virtute tua rex,523
89,2,left,97,597,519,621,introitus,4,In voluntate tua,346
90,2,left,99,627,518,651,introitus,1,Inclina Domine,326
91,2,left,98,657,517,681,introitus,3,Intret oratio mea,363
92,2,left,98,687,518,707,introitus,8,Introduxit vos,200
93,2,left,98,717,516,741,introitus,8,Invocabit me,71
94,2,left,99,748,519,771,introitus,8,Iubilate Deo,219
95,2,left,97,778,519,802,introitus,4,"Iudica, Domine",150
96,2,left,97,808,519,831,introitus,4,"Iudica me, Deus",120
97,2,left,98,838,518,862,introitus,7,Iudicant sancti,425
98,2,left,98,868,519,892,introitus,6,Iusi epulentur,450
99,2,left,100,898,518,922,introitus,1,"Iustus es, Domine",332
100,2,left,100,928,519,953,introitus,1,Iustus ut palma,508
101,2,left,99,990,520,1014,introitus,8,Laetabitur iustus,473
102,2,left,99,1019,519,1044,introitus,5,Laetare Ierusalem,108
103,2,left,98,1050,520,1074,introitus,2,Laetetur cor,357
103,2,left,98,1050,520,1074,introitus,2,Laetetur cor,268
104,2,left,101,1080,519,1104,introitus,1,"Laudate, pueri",522
105,2,left,101,1110,520,1130,introitus,1,Lex Domini,86
106,2,left,99,1140,519,1164,introitus,3,Liberator meus,128
107,2,left,99,1170,453,1194,introitus,5,Loquebar,526
108,2,left,99,1200,520,1224,introitus,3,Loquetur Dominus pacem,369
109,2,left,100,1230,520,1254,introitus,8,Lux fulgebit,44
110,2,left,99,1292,520,1316,introitus,2,Me exspectaverunt,498
111,2,left,101,1322,520,1346,introitus,1,Meditatio cordis mei,103
112,2,left,101,1352,521,1375,introitus,1,Memento nosti,29
113,2,left,99,1382,520,1406,introitus,2,Mihi autem nimis,425
114,2,left,100,1412,522,1435,introitus,8,Miserere ad te,330
115,2,left,100,1442,519,1466,introitus,3,Miserere conculcavit,125
116,2,left,100,1472,521,1496,introitus,5,Miserere tribulor,130
117,2,right,559,115,976,135,introitus,1,Misereris omnium,62
118,2,right,556,145,976,169,introitus,4,Misericordia Domini,222
119,2,right,556,175,974,199,introitus,2,Multae tribulationes,451
120,2,right,556,236,977,260,introitus,7,Ne derelinquas me,360
121,2,right,556,266,976,290,introitus,7,Ne timeas,568
122,2,right,556,296,976,321,introitus,4,Nos autem gloriari,162
123,2,right,556,326,975,350,introitus,3,Nunc scio vere,575
124,2,right,556,386,976,410,introitus,7,Oculi mei,96
125,2,right,556,416,976,440,introitus,6,Omnes gentes,297
126,2,right,556,451,976,471,introitus,3,Omnia quae fecisti,342
127,2,right,555,476,977,501,introitus,4,Omnis terra,260
128,2,right,556,507,976,531,introitus,6,Os iusti,494
129,2,right,556,566,976,591,introitus,7,Populus Sion,18
130,2,right,556,597,977,620,introitus,7,"Probasti, Domine",474
131,2,right,556,627,977,651,introitus,4,Prope es tu,24
132,2,right,556,657,976,681,introitus,4,Protector noster,323
133,2,right,557,688,976,711,introitus,7,Protexisti me,442
134,2,right,556,717,977,741,introitus,7,Puer natus est nobis,47
135,2,right,556,777,977,801,introitus,6,Quasi modo,216
136,2,right,557,839,977,864,introitus,3,Redemisti nos,659
137,2,right,557,869,975,893,introitus,2,Redime me,91
138,2,right,557,899,975,923,introitus,4,Reminiscere,81
139,2,right,557,929,978,954,introitus,3,Repleatur os meum,246
140,2,right,557,959,978,983,introitus,6,Requiem aeternam,669
141,2,right,558,989,978,1014,introitus,7,"Respice, Domine",319
142,2,right,558,1019,978,1043,introitus,6,Respice in me,284
143,2,right,557,1049,978,1073,introitus,4,Resurrexi,196
144,2,right,561,1079,978,1103,introitus,1,Rorate Ps 84: Benedixisti,403
145,2,right,561,1109,911,1129,introitus,1,Rorate Ps 18 : Caeli enarrant,34
147,2,right,558,1201,979,1224,introitus,6,Sacerdotes Dei,447
148,2,right,558,1230,978,1254,introitus,2,Sacerdotes eius,448
149,2,right,559,1261,977,1285,introitus,3,Sacerdotes tui,485
150,2,right,561,1291,977,1315,introitus,1,Salus autem,451
151,2,right,558,1322,979,1346,introitus,4,Salus populi,339
152,2,right,558,1351,979,1375,introitus,2,"Salve, sancta Parens",403
153,2,right,559,1381,980,1406,introitus,3,Sanci tui,440
154,2,right,562,1411,980,1435,introitus,1,Sapientiam sanctorum,452
155,2,right,561,1446,980,1465,introitus,1,Scio cui credidi,535
156,2,right,559,1471,981,1495,introitus,3,Si iniquitates,350
157,3,left,99,111,520,136,introitus,4,Sicut oculi servorum,77
158,3,left,99,141,521,165,introitus,7,Signum magnum,590
159,3,left,99,171,520,195,introitus,2,Sitientes,114
160,3,left,99,201,520,225,introitus,8,Spiritus Domini,252
161,3,left,101,232,521,251,introitus,1,Stabant iuxta crucem,600
162,3,left,100,262,519,286,introitus,1,Statuit ei Dominus,445
163,3,left,100,292,520,316,introitus,1,Suscepimus,543
163,3,left,100,292,520,316,introitus,1,Suscepimus,300
164,3,left,98,346,520,370,introitus,2,Terribilis est locus iste,397
165,3,left,99,376,518,400,introitus,3,Tibi dixit cor meum,88
166,3,left,98,406,519,431,introitus,3,Timete Dominum,453
167,3,left,97,461,519,485,introitus,2,Veni et ostende nobis,27
168,3,left,98,491,516,514,introitus,2,"Venite, adoremus",271
169,3,left,98,521,518,545,introitus,7,"Venite, benedicti",205
170,3,left,99,551,519,575,introitus,5,Verba mea,83
171,3,left,98,581,518,601,introitus,8,Victricem manum,208
172,3,left,98,611,517,631,introitus,8,Vir Dei Benedictus,861
173,3,left,98,640,518,666,introitus,7,Viri Galilaei,235
174,3,left,98,671,519,695,introitus,3,Vocem iucunditatis,229
175,3,left,98,702,519,726,introitus,2,Vultum tuum,404
177,3,left,97,819,519,842,graduale,2,A summo caelo,27
178,3,left,98,849,517,869,graduale,2,Ab occultis meis,101
179,3,left,99,879,519,903,graduale,5,Ad Dominum,282
180,3,left,98,906,519,938,graduale,3,Adiutor in opportunitatibus,69
181,3,left,98,939,520,959,graduale,2,Adiutor meus,86
182,3,left,98,970,520,994,graduale,5,Adiuvabit eam,526
183,3,left,97,1000,519,1024,graduale,2,Angelis suis,72
184,3,left,99,1030,519,1054,graduale,5,Anima nostra,453
185,3,left,98,1058,520,1083,graduale,7,"Audi, filia",406
186,3,left,100,1113,520,1138,graduale,1,Beata gens,333
187,3,left,98,1143,520,1168,graduale,5,Beatus vir qui timet,475
188,3,left,98,1172,520,1198,graduale,7,Benedicam Dominum,316
189,3,left,99,1204,520,1228,graduale,3,Benedicite Dominum,608
190,3,left,99,1234,520,1258,graduale,5,Benedicta es tu,629
191,3,left,98,1263,520,1288,graduale,4,Benedicta et venerabilis,407
192,3,left,99,1294,520,1318,graduale,7,Benedictus Dominus,257
193,3,left,99,1324,519,1348,graduale,5,"Benedictus es, Domine",372
194,3,left,99,1354,520,1379,graduale,5,Benedictus qui venit,45
195,3,left,99,1384,521,1408,graduale,5,Bonumest confidere,324
196,3,left,99,1413,521,1438,graduale,5,Bonum est confiteri,327
197,3,left,100,1467,521,1492,graduale,5,Christus factus est,148
198,3,right,559,111,979,142,graduale,7,Clamaverunt iusti,454
199,3,right,559,147,978,173,graduale,2,Collegerunt,135
200,3,right,560,171,978,201,graduale,1,Concupivit rex,408
201,3,right,559,202,979,231,graduale,5,Constitues eos,426
201,3,right,559,202,979,231,graduale,5,Constitues eos,576
202,3,right,559,231,977,262,graduale,5,"Convertere, Domine",295
203,3,right,561,262,978,291,graduale,1,Custodi me,304
204,3,right,559,316,978,345,graduale,8,"Deus, exaudi",107
205,3,right,558,346,975,371,graduale,8,"Deus, vitam meam",601
206,3,right,558,376,977,404,graduale,5,Diffusa est gratia,408
207,3,right,558,406,977,436,graduale,8,Dilexisti,499
208,3,right,557,436,977,465,graduale,7,Dirigatur,340
208,3,right,557,436,977,465,graduale,7,Dirigatur,363
209,3,right,557,467,978,495,graduale,5,Discerne causam meam,127
210,3,right,557,497,978,524,graduale,2,Dispersit,520
211,3,right,557,527,977,554,graduale,5,Dominabitur,389
212,3,right,557,556,977,584,graduale,2,"Domine, Deus virtutum",32
213,3,right,557,587,977,613,graduale,5,"Domine, Dominus noster",308
214,3,right,557,617,977,643,graduale,4,"Domine, praevenisti eum",509
215,3,right,557,646,977,673,graduale,2,"Domine, refugium",347
216,3,right,559,677,977,703,graduale,1,Dulcis et rectus Dominus,384
217,3,right,559,733,975,759,graduale,1,Ecce quam bonum,351
218,3,right,557,763,977,788,graduale,5,Ecce sacerdos,486
219,3,right,558,794,976,818,graduale,3,Ego autem,152
220,3,right,558,824,977,848,graduale,5,Ego dixi: Domine,279
221,3,right,558,854,975,878,graduale,3,"Eripe me, Domine",121
222,3,right,559,884,975,909,graduale,5,Esto mihi,301
223,3,right,558,913,976,937,graduale,5,Ex Sion,18
224,3,right,558,944,976,968,graduale,3,Exalabo te,112
225,3,right,558,972,976,997,graduale,5,Exaltent eum,548
226,3,right,557,1004,976,1027,graduale,2,"Excita, Domine",33
227,3,right,559,1031,977,1058,graduale,5,Exiit sermo,636
228,3,right,558,1063,977,1085,graduale,2,Exsultabit cor meum,409
229,3,right,558,1094,976,1114,graduale,2,Exsultabunt sancti,455
230,3,right,558,1124,977,1148,graduale,3,Exsurge et intende,150
231,3,right,559,1154,977,1179,graduale,3,Exsurge fer opem,114
232,3,right,558,1179,978,1207,graduale,3,Exsurge non praevaleat,96
233,3,right,558,1234,977,1262,graduale,5,Fuit homo,569
234,3,right,559,1286,978,1316,graduale,5,Gloria et honore,476
235,3,right,560,1316,978,1342,graduale,1,Gloriosus Deus,456
236,3,right,558,1374,977,1401,graduale,2,Haec dies V Benedictus,212
237,3,right,559,1401,978,1432,graduale,2,Haec dies V Confitemini,196
238,3,right,559,1430,978,1462,graduale,2,Haec dies V Dextera,206
239,3,right,559,1464,977,1491,graduale,2,Haec dies V Dicant nunc,203
240,4,left,102,111,519,134,graduale,2,Haec dies V Dicat nunc,201
241,4,left,101,142,521,169,graduale,2,Haec dies V Lapidem,209
242,4,left,101,175,520,199,graduale,2,Hodie scietis,38
243,4,left,100,231,519,256,graduale,7,Iacta cogitatum tuum,285
244,4,left,100,261,518,286,graduale,5,In Deo speravit,311
245,4,left,100,291,520,315,graduale,2,In omnem terram,427
246,4,left,100,322,520,346,graduale,2,In sole posuit,30
247,4,left,102,351,519,376,graduale,1,Inveni David,445
248,4,left,99,382,520,405,graduale,3,Iuravit Dominus,486
249,4,left,99,412,520,436,graduale,5,Iustorum animae,457
250,4,left,99,442,520,465,graduale,5,Iustus cum ceciderit,476
251,4,left,99,472,520,496,graduale,2,Iustus ut palma,510
252,4,left,99,529,520,553,graduale,7,Laetatus sum,336
253,4,left,98,559,519,583,graduale,3,Laudate Dominum,664
254,4,left,98,589,519,613,graduale,7,Liberasti nos,366
255,4,left,99,619,519,644,graduale,5,Locus iste,397
256,4,left,101,676,519,700,graduale,1,"Miserere mei, Deus",63
257,4,left,98,707,519,731,graduale,7,"Miserere mihi, Domine",103
258,4,left,98,736,517,760,graduale,5,Misit Dominus,261
259,4,left,98,794,519,818,graduale,2,Ne avertas,155
260,4,left,98,824,519,847,graduale,2,Nimis honorati sunt,428
261,4,left,98,854,518,879,graduale,5,Nova bela,865
262,4,left,97,911,518,936,graduale,7,Oculi omnium,343
263,4,left,97,941,519,966,graduale,5,Omnes de Saba venient,57
264,4,left,100,971,519,995,graduale,1,Os iusti,494
265,4,left,97,1001,517,1025,graduale,2,Ostende nobis,31
266,4,left,98,1058,516,1083,graduale,5,Pacifice loquebantur,131
267,4,left,100,1089,519,1112,graduale,1,"Posuisti, Domine",477
268,4,left,98,1119,516,1143,graduale,5,Priusquam te formarem,571
269,4,left,98,1149,518,1173,graduale,5,"Probasti, Domine",587
270,4,left,98,1179,518,1203,graduale,5,Prope est Dominus,35
271,4,left,98,1209,518,1233,graduale,5,Propitius esto,288
272,4,left,98,1239,518,1263,graduale,5,Propter veritatem,410
273,4,left,98,1269,518,1293,graduale,5,Protector noster,292
274,4,left,98,1326,519,1351,graduale,5,Qui operatus est,536
275,4,left,98,1356,518,1380,graduale,7,"Qui sedes, Domine",22
276,4,left,98,1386,519,1410,graduale,5,Quis sicut Dominus,269
277,4,left,99,1440,520,1464,graduale,2,Requiem aeternam,670
278,4,left,99,1470,520,1494,graduale,5,"Respice, Domine",320
279,4,right,561,115,978,138,graduale,1,Sacerdotes eius,488
280,4,right,559,145,979,169,graduale,7,Salvum fac populum,354
281,4,right,560,175,977,199,graduale,1,Salvum fac servum tuum,85
282,4,right,560,205,977,229,graduale,1,Sciant gentes,88
283,4,right,558,235,977,259,graduale,5,Sederunt principes,633
284,4,right,560,265,977,289,graduale,1,Si ambulem,125
285,4,right,559,295,976,319,graduale,5,Specie tua,411
286,4,right,558,325,979,349,graduale,3,Speciosus,54
287,4,right,558,355,978,379,graduale,5,Suscepimus,360
288,4,right,557,415,977,439,graduale,2,Tecum principium,42
289,4,right,557,445,977,468,graduale,4,Tenuisti manum,133
290,4,right,558,475,977,499,graduale,3,"Tibi, Domine",118
291,4,right,558,505,976,529,graduale,5,Timebunt gentes,265
292,4,right,560,535,977,559,graduale,1,Timete Dominum,458
293,4,right,558,565,976,589,graduale,5,Tollite hostias,272
294,4,right,557,595,976,619,graduale,2,Tollite portas,25
295,4,right,558,625,910,649,graduale,5,Tribulationes,81
296,4,right,558,655,976,679,graduale,3,"Tues, Deus",275
297,4,right,558,715,977,739,graduale,5,Unam petii,358
298,4,right,559,745,977,769,graduale,1,Universi qui te exspectant,16
299,4,right,557,775,977,798,graduale,2,Uxor tua,646
300,4,right,558,834,977,860,graduale,5,"Venite, filii",298
301,4,right,558,865,977,890,graduale,5,Viderunt omnes,48
303,4,right,557,990,977,1014,alleluia,3,Adducentur,500
304,4,right,557,1019,977,1044,alleluia,7,Adorabo,270
305,4,right,557,1050,976,1073,alleluia,4,Amavit eum,495
306,4,right,558,1079,975,1103,alleluia,8,Angelus Domini,201
307,4,right,556,1109,977,1132,alleluia,4,Ascendit Deus,236
308,4,right,556,1139,975,1164,alleluia,5,Assumpta est Maria,591
309,4,right,557,1169,976,1192,alleluia,2,"Ave, Maria",412
310,4,right,559,1229,975,1254,alleluia,1,Beatus vir qui suffert,511
311,4,right,557,1259,911,1284,alleluia,5,Beatus vir qui timet,511
312,4,right,557,1289,975,1315,alleluia,5,Beatus vir sanctus Martinus,621
313,4,right,558,1319,977,1345,alleluia,5,Bene fundata est,399
314,4,right,557,1349,977,1374,alleluia,4,Benedicite Domino,612
315,4,right,557,1379,977,1404,alleluia,8,"Benedictus es, Domine",375
316,4,right,558,1410,978,1434,alleluia,2,Benedictus qui venit,59
317,4,right,557,1470,977,1494,alleluia,7,Candor est lucis aeterne,585
318,5,left,97,115,518,139,alleluia,1,Cantate Domino,330
319,5,left,97,141,450,173,alleluia,1,Cantate Domino (altera melodia),276
321,5,left,95,205,516,231,alleluia,7,Caro mea,378
322,5,left,97,235,518,260,alleluia,1,Christus resurgens,226
323,5,left,96,266,518,290,alleluia,3,Cognoverunt discipuli,220
324,5,left,96,296,517,321,alleluia,7,Confitebuntur caeli,478
325,5,left,95,325,518,350,alleluia,2,Confitemini et invocate,340
326,5,left,96,355,451,380,alleluia,8,Confitemini quoniam bonus,191
328,5,left,96,416,450,441,alleluia,8,Confitemini quoniam bonus (altera melodia),239
330,5,left,95,477,518,503,alleluia,4,Constitues eos,429
331,5,left,95,511,518,533,alleluia,2,Corpora sanctorum,459
332,5,left,96,537,518,563,alleluia,8,Crastina die,39
333,5,left,95,598,518,623,alleluia,7,De profundis,367
334,5,left,97,624,517,657,alleluia,1,De quacumque tribulatione,558
335,5,left,96,658,518,681,alleluia,8,"Deus, iudex iustus",286
336,5,left,96,687,517,713,alleluia,7,"Deus, qui sedes",289
337,5,left,95,718,518,741,alleluia,4,Dextera Dei,226
338,5,left,96,748,517,772,alleluia,8,Dicite in gentibus,212
339,5,left,96,778,518,803,alleluia,2,Dies sanctificatus,49
340,5,left,96,807,517,833,alleluia,8,Diffusa est gratia,413
341,5,left,97,838,516,864,alleluia,1,Dilexit Andream,625
342,5,left,96,868,515,894,alleluia,8,Dispersit,521
343,5,left,95,899,518,924,alleluia,2,Disposui testamentum,489
344,5,left,97,928,517,951,alleluia,1,"Domine, Deus meus",282
345,5,left,96,959,517,984,alleluia,3,"Domine, Deus salutis meae",317
346,5,left,95,989,518,1014,alleluia,2,"Domine, dilexi",400
347,5,left,95,1019,518,1043,alleluia,7,"Domine, exaudi",334
348,5,left,95,1048,517,1074,alleluia,6,"Domine, in virtute tua",292
349,5,left,96,1078,516,1103,alleluia,7,"Domine, refugium",321
350,5,left,96,1109,517,1134,alleluia,8,Dominus dixit ad me,43
351,5,left,96,1138,518,1164,alleluia,8,Dominus in Sina,236
352,5,left,96,1165,518,1199,alleluia,2,"Dominus regnavit, decorem",46
353,5,left,96,1198,519,1223,alleluia,8,"Dominus regnavit, exsultet",266
354,5,left,97,1229,518,1254,alleluia,8,Dulce lignum,598
355,5,left,98,1259,519,1285,alleluia,1,Dum complerentur,250
356,5,left,99,1319,518,1343,alleluia,1,Ego sum pastor bonus,223
357,5,left,99,1349,519,1375,alleluia,1,Ego vos elegi,429
358,5,left,97,1379,519,1404,alleluia,4,Emitte Spiritum tuum,253
359,5,left,97,1409,452,1432,alleluia,2,Emitte Spiritum tuum (altera melodia),249
361,5,left,98,1469,519,1494,alleluia,2,Eripe me,308
362,5,right,555,116,977,139,alleluia,4,"Excita, Domine",23
363,5,right,555,144,978,169,alleluia,7,Exivi a Patre,230
364,5,right,555,175,978,200,alleluia,7,Exsultabo et laetabor,656
365,5,right,555,205,977,229,alleluia,7,Exsultate Deo,312
366,5,right,556,266,977,291,alleluia,8,Fac nos innocuaam,558
367,5,right,556,296,978,319,alleluia,4,Fecisti viriliter,866
368,5,right,556,326,978,350,alleluia,8,"Felix es, sacra Virgo",414
369,5,right,558,356,977,380,alleluia,1,Franciscus pauper,613
370,5,right,557,386,978,410,alleluia,1,Fulgebunt iusti,460
371,5,right,556,446,978,470,alleluia,4,"Gaudete, iusti",430
372,5,right,556,507,979,530,alleluia,8,Haec dies,214
373,5,right,556,537,978,560,alleluia,8,Haec est vera fraternitas,460
374,5,right,555,567,976,592,alleluia,4,Haec est virgo sapiens,501
375,5,right,555,597,978,622,alleluia,2,Hic est discipulus,637
376,5,right,556,627,977,652,alleluia,2,Hic est sacerdos,449
377,5,right,556,687,978,711,alleluia,7,In die resurrectionis,216
378,5,right,769,718,977,741,alleluia,2,In exitu Israel,348
379,5,right,555,747,978,772,alleluia,3,"In te, Domine, speravi",296
380,5,right,555,777,978,802,alleluia,2,Inveni David,446
381,5,right,555,806,977,833,alleluia,3,Iubiate Deo,258
382,5,right,557,838,978,862,alleluia,1,Iuravit Dominus,489
383,5,right,558,867,975,891,alleluia,1,Iusti epulentur,461
384,5,right,558,898,978,921,alleluia,1,Iustorum animae,462
385,5,right,557,927,978,952,alleluia,1,Iustus germinabit,496
386,5,right,555,958,978,982,alleluia,2,Iustus non conturbabitur,479
387,5,right,557,988,978,1012,alleluia,1,Iustus ut palma,516
388,5,right,556,1049,978,1074,alleluia,7,Laetabitur iustus,479
389,5,right,558,1079,978,1104,alleluia,1,Laetatus sum,19
390,5,right,556,1110,977,1134,alleluia,8,"Lauda,anima mea",355
391,5,right,556,1140,977,1164,alleluia,4,"Lauda, Ierusalem",358
392,5,right,556,1169,978,1193,alleluia,4,Laudate Deum,262
393,5,right,555,1199,978,1224,alleluia,2,Laudate Dominum,273
394,5,right,556,1230,978,1254,alleluia,4,"Laudate, pueri",215
395,5,right,556,1260,978,1284,alleluia,7,Levita Laurentius,588
396,5,right,559,1290,976,1314,alleluia,1,Loquebantur,431
397,5,right,557,1320,979,1344,alleluia,2,Loquear,528
398,5,right,557,1381,980,1406,alleluia,7,Magnus Dominus,302
399,5,right,557,1411,981,1436,alleluia,2,Magnus sanctus Paulus,537
400,5,right,558,1441,981,1466,alleluia,5,"Memento, Domine, David",490
401,5,right,560,1471,981,1495,alleluia,1,Mirabilis Dominus,462
402,6,left,94,115,515,139,alleluia,8,Mittat vobis,646
403,6,left,271,150,515,169,alleluia,7,Multifarie,52
404,6,left,94,211,513,235,alleluia,8,Nimis honorati sunt,431
405,6,left,96,241,515,265,alleluia,1,Non vos relinquam,242
406,6,left,96,308,449,327,alleluia,1,O Ioachim sancte,581
407,6,left,341,343,516,362,alleluia,1,O quam bonus,517
408,6,left,94,369,513,393,alleluia,4,O quam pulchra,501
409,6,left,97,397,515,422,alleluia,1,Omnes gentes,298
410,6,left,94,427,516,452,alleluia,4,Oportebat,220
411,6,left,95,458,516,478,alleluia,8,Ostende nobis,16
412,6,left,95,525,517,550,alleluia,3,Paratum cor meum,344
413,6,left,94,555,516,579,alleluia,7,Pascha nostrum,197
414,6,left,95,585,517,609,alleluia,7,Post dies octo,217
415,6,left,94,615,516,639,alleluia,4,"Post partum, Virgo",414
416,6,left,97,645,517,668,alleluia,1,"Posuisti, Domine",480
417,6,left,306,675,516,699,alleluia,1,Potestas eius,389
418,6,left,94,705,516,729,alleluia,4,Pretiosa,463
419,6,left,97,736,516,760,alleluia,1,Propitius esto,345
420,6,left,95,765,516,789,alleluia,2,Propter veritatem,415
421,6,left,95,832,517,856,alleluia,4,Qui posuit fines,364
422,6,left,95,862,517,886,alleluia,2,Qui sequitur me,480
423,6,left,97,892,516,916,alleluia,1,Qui timent Dominum,352
424,6,left,95,918,517,951,alleluia,7,Quinque prudentes virgines —,502
425,6,left,96,952,517,976,alleluia,7,Quoniam Deus,327
426,6,left,96,1018,517,1042,alleluia,2,Redemptionem,223
427,6,left,98,1048,517,1072,alleluia,1,Regnavit Dominus,242
428,6,left,97,1078,518,1102,alleluia,8,Requiem aeternam,672
429,6,left,98,1108,519,1132,alleluia,1,"Rogavi pro te, Petre",549
430,6,left,97,1174,519,1197,alleluia,8,Sancte Michael,609
431,6,left,98,1204,520,1224,alleluia,8,Sancte Paue,666
432,6,left,97,1234,520,1258,alleluia,2,Sancti tui benedicent,463
433,6,left,98,1264,521,1288,alleluia,8,Sancti tui florebunt,464
434,6,left,100,1294,521,1318,alleluia,1,Senex puerum portabat,544
435,6,left,99,1324,521,1348,alleluia,7,Sollemnitas,597
436,6,left,101,1354,520,1378,alleluia,1,"Solve, iubente Deo",665
437,6,left,100,1384,522,1409,alleluia,8,Speie tua,416
438,6,left,100,1414,522,1438,alleluia,8,Spiritus est qui vivificat,245
439,6,left,100,1444,523,1468,alleluia,8,Spiritus Sanctus docebit,432
440,6,left,100,1474,523,1494,alleluia,2,Stabat sancta Maria,602
441,6,right,555,115,975,139,alleluia,1,Surrexit Christus et illuxit,230
442,6,right,553,145,974,169,alleluia,2,Surrexit Christus qui creavit,209
443,6,right,555,175,907,199,alleluia,1,Surrexit Dominus de sepulcro,203
445,6,right,554,235,975,254,alleluia,8,Surrexit Dominus vere,206
446,6,right,554,295,975,319,alleluia,8,Tanto tempore,560
447,6,right,554,325,973,349,alleluia,7,Te decet hynnus,305
448,6,right,554,355,974,380,alleluia,5,Te glorious,432
449,6,right,554,385,974,410,alleluia,5,Te martyrum,465
450,6,right,556,416,975,440,alleluia,1,Timebunt gentes,337
451,6,right,554,446,974,470,alleluia,3,Tollite iugum meum,385
452,6,right,556,476,975,500,alleluia,1,Tota pulchra es,630
453,6,right,554,506,975,530,alleluia,2,Tu es Petrus,576
454,6,right,555,536,974,560,alleluia,8,Tu es sacerdos,449
455,6,right,554,566,972,590,alleluia,2,"Tu, puer",571
456,6,right,554,627,975,651,alleluia,3,"Veni, Domine",36
457,6,right,554,657,975,681,alleluia,2,"Veni, Sancte Spiritus",253
458,6,right,555,686,975,709,alleluia,8,Venite ad me,619
459,6,right,554,717,976,741,alleluia,7,"Venite, exsultemus",324
460,6,right,554,747,976,766,alleluia,2,Verba mea,280
461,6,right,555,777,974,801,alleluia,8,Verbo Domini,361
462,6,right,554,807,976,831,alleluia,2,Video caelos apertos,634
463,6,right,554,837,975,861,alleluia,2,Vidimus stellam,58
464,6,right,555,867,976,890,alleluia,6,Vir Dei Benedictus,870
465,6,right,555,897,976,922,alleluia,8,Virga Iesse,416
467,6,right,556,1033,974,1056,sequentia,6,Laeta dies,871
468,6,right,556,1064,977,1088,sequentia,7,Lauda Sion,379
469,6,right,557,1123,977,1143,sequentia,2,Stabat Mater,602
470,6,right,559,1184,978,1208,sequentia,1,"Veni, Sancte Spiritus",253
471,6,right,560,1214,978,1239,sequentia,1,Victimae paschali laudes,198
473,6,right,560,1353,980,1377,tractus,8,Ab ortu solis,163
474,6,right,561,1383,981,1406,tractus,8,"Absolve, Domine",672
475,6,right,561,1413,981,1436,tractus,8,Ad te levavi,97
476,6,right,561,1442,981,1465,tractus,8,Attende caelum,189
477,6,right,562,1473,982,1496,tractus,2,"Audi, filia",417
478,7,left,96,115,513,138,tractus,8,Beatus vir,481
479,7,left,96,173,515,194,tractus,8,Cantemus Domino,186
480,7,left,96,203,516,229,tractus,8,Commovisti,89
481,7,left,95,234,449,255,tractus,2,Confitemini Domino,158
482,7,left,96,294,515,319,tractus,8,De profundis,673
483,7,left,96,324,514,349,tractus,8,Desiderium,432
484,7,left,95,355,516,379,tractus,2,"Deus, Deus meus",144
485,7,left,95,384,515,410,tractus,2,"Domine, exaudi",172
486,7,left,95,414,448,439,tractus,2,"Domine, non secundum peccata nostra",64
488,7,left,95,505,512,530,tractus,2,Emitte Spiritum tuum,661
489,7,left,95,564,515,589,tractus,2,"Gaude, Maria Virgo",418
490,7,left,96,625,515,651,tractus,8,Iubilate Domino,185
491,7,left,95,685,515,711,tractus,8,Laudate Dominum,187
492,7,left,96,744,516,770,tractus,8,Qui confidunt,109
493,7,left,95,774,515,799,tractus,2,Qui habitat,73
494,7,left,96,804,515,830,tractus,8,Qui seminant,465
495,7,left,96,865,515,890,tractus,8,Saepe expugnaverunt,122
496,7,left,96,896,516,919,tractus,8,Sicut cervus,190
497,7,left,96,955,516,980,tractus,8,"Veni, sponsa Christi",503
498,7,left,96,985,516,1005,tractus,8,Vinea facta est,188
500,7,left,97,1108,517,1134,offertorium,2,"Ad te, Domine, levavi",17
501,7,left,98,1138,517,1164,offertorium,1,Afferentur post eam,505
502,7,left,97,1168,518,1194,offertorium,4,Afferentur proximae,504
503,7,left,97,1200,518,1224,offertorium,8,Angelus Domini,217
504,7,left,97,1230,519,1253,offertorium,2,Anima nostra,466
505,7,left,99,1258,519,1284,offertorium,1,Ascendit Deus,237
506,7,left,98,1289,519,1314,offertorium,8,Assumpta est Maria,592
507,7,left,98,1318,520,1343,offertorium,8,"Audi, Israel",30
508,7,left,98,1350,520,1374,offertorium,8,"Ave, Maria",630
509,7,left,99,1378,449,1402,offertorium,8,"Ave, Maria et benedictus",419
509,7,left,99,1378,449,1402,offertorium,8,"Ave, Maria et benedictus",36
511,7,left,100,1469,521,1493,offertorium,8,"Beata es, Virgo Maria",420
512,7,right,554,114,975,140,offertorium,5,"Benedic, anima mea",362
513,7,right,555,144,975,170,offertorium,1,Benedicam Dominum,293
514,7,right,553,175,973,199,offertorium,2,"Benedicite, gentes",231
515,7,right,553,205,909,225,offertorium,8,Benedictus es et non tradas,131
517,7,right,553,264,908,290,offertorium,3,Benedictus es in labiis meis,277
519,7,right,553,324,976,349,offertorium,8,Benedictus qui venit,60
520,7,right,553,355,974,380,offertorium,3,Benedictus sit,375
521,7,right,552,385,974,409,offertorium,4,"Benedixisti, Domine",23
522,7,right,553,415,975,435,offertorium,8,Benedixerunt eam,866
523,7,right,553,445,975,469,offertorium,8,Bonum est confiteri,369
523,7,right,553,445,975,469,offertorium,8,Bonum est confiteri,270
524,7,right,553,505,975,532,offertorium,4,Confesio,589
525,7,right,552,536,974,561,offertorium,4,"Confirma hoc, Deus",255
526,7,right,552,566,975,591,offertorium,6,Confitebor Domino,240
527,7,right,554,596,975,622,offertorium,1,"Confitebor tibi, Domine",123
528,7,right,553,626,973,651,offertorium,7,Confitebuntur caeli,441
529,7,right,552,657,975,682,offertorium,4,Confortamini,26
530,7,right,554,687,976,712,offertorium,3,Constitues eos,434
531,7,right,555,716,976,741,offertorium,1,Custodi me,154
532,7,right,553,778,976,803,offertorium,2,De profundis,368
533,7,right,553,808,976,833,offertorium,6,Desiderium animae eius,5518
534,7,right,554,839,976,863,offertorium,2,"Deus, Deus meus",224
535,7,right,554,867,977,892,offertorium,8,Deus enim firmavit,46
536,7,right,555,898,977,923,offertorium,3,"Deus, tu convertens",20
537,7,right,555,929,910,953,offertorium,2,Dextera Domini (cum allelua),194
539,7,right,554,988,910,1013,offertorium,2,Dextera Domini (sine alleluia),267
541,7,right,555,1048,976,1073,offertorium,8,Diffusa est gratia,421
542,7,right,555,1078,979,1102,offertorium,6,"Domine, ad adiuvandum me",94
543,7,right,555,1109,978,1132,offertorium,6,"Domine, convertere",283
544,7,right,555,1139,976,1162,offertorium,6,"Domine Deus, in simplicitate",401
545,7,right,556,1168,979,1192,offertorium,8,"Domine, Deus salutis meae",87
546,7,right,557,1199,912,1224,offertorium,3,"Domine, exaudi orationem meam",156
548,7,right,557,1258,980,1283,offertorium,4,"Domine, fac mecum",104
549,7,right,558,1288,980,1312,offertorium,2,Domine Iesu Christe,674
550,7,right,558,1319,978,1343,offertorium,6,"Domine, in auxilium",331
551,7,right,558,1347,980,1373,offertorium,3,"Domine, vivifica me",359
552,7,right,559,1408,981,1433,offertorium,8,Elegerunt Apostoli,634
553,7,right,559,1438,981,1463,offertorium,8,Emitte Spiritum tuum,250
554,7,right,559,1469,981,1493,offertorium,7,Eripe me Deus,129
555,8,left,96,110,516,134,offertorium,3,Eripe me Domine,1550
556,8,left,96,140,517,163,offertorium,6,Erit vobis,213
557,8,left,96,170,517,193,offertorium,2,Exalabo te,313
558,8,left,97,200,451,223,offertorium,8,"Exaudi, Deus, orationem meam",100
560,8,left,96,260,517,284,offertorium,5,Exspectans exspectavi,328
561,8,left,97,289,517,313,offertorium,3,Exsulta satis,28
562,8,left,95,320,518,344,offertorium,4,Exsultabunt sancti,466
563,8,left,96,380,518,404,offertorium,4,Factus est Dominus,119
564,8,left,98,411,517,435,offertorium,1,Felix namque es,422
565,8,left,96,445,516,465,offertorium,3,Filiae regum,505
566,8,left,98,499,518,524,offertorium,1,Gloria et honore,434
567,8,left,96,529,517,554,offertorium,6,Gloriabuntur,467
568,8,left,96,560,517,585,offertorium,8,Gressus meos,365
569,8,left,95,620,518,645,offertorium,4,Illumina oculos meos,290
570,8,left,96,650,516,675,offertorium,8,Immittet angelus,325
571,8,left,96,680,517,705,offertorium,8,Improperium exspectavit,386
572,8,left,96,710,517,735,offertorium,8,Improperium et dederunt,148
573,8,left,98,740,518,760,offertorium,1,In die sollemnitatis,210
574,8,left,96,771,517,796,offertorium,2,In omnem terram,435
575,8,left,95,800,518,825,offertorium,2,In te speravi,322
576,8,left,95,830,518,856,offertorium,6,In virtute tua,512
577,8,left,96,860,518,885,offertorium,5,Intende voci,280
578,8,left,95,890,518,915,offertorium,4,Intonuit de caelo,204
579,8,left,96,920,518,946,offertorium,8,Inveni David,447
580,8,left,96,951,518,976,offertorium,5,Iubilate Deo omnis terra,259
581,8,left,97,981,518,1006,offertorium,1,Iubilate Deo universa terra,227
582,8,left,95,1010,517,1036,offertorium,4,Iustitiae Domini,309
583,8,left,97,1040,517,1065,offertorium,1,Iustorum animae,468
584,8,left,95,1071,518,1096,offertorium,4,Iustus ut palma,497
585,8,left,98,1130,518,1155,offertorium,1,Laetamini (sine alleluia),468
586,8,left,97,1162,517,1186,offertorium,1,Laetamini (cum alleluia),443
587,8,left,95,1192,518,1215,offertorium,4,Laetentur caeli,44
588,8,left,95,1222,515,1246,offertorium,4,"Lauda, anima mea",221
589,8,left,95,1252,518,1272,offertorium,2,Laudate Dominum,110
590,8,left,96,1282,518,1306,offertorium,8,Levabo oculos meos,78
591,8,left,95,1342,518,1367,offertorium,2,Meditabor (sine alleluia),356
592,8,left,95,1372,518,1397,offertorium,2,Meditabor (cum alleluia),245
593,8,left,96,1402,518,1427,offertorium,3,Mihi autem nimis,435
594,8,left,96,1432,519,1456,offertorium,8,Mirabilis Deus,469
595,8,left,96,1462,518,1486,offertorium,8,Miserere mihi,92
596,8,right,556,109,975,135,offertorium,8,Oraio ma,513
597,8,right,555,139,977,165,offertorium,4,Oravi Deum meum,334
598,8,right,555,200,976,224,offertorium,4,Perfice gressus meos,273
599,8,right,556,230,976,254,offertorium,5,Populum humilem,302
600,8,right,556,260,977,284,offertorium,8,Poras caeli,207
601,8,right,555,290,976,314,offertorium,4,Postula a me,390
602,8,right,556,320,976,345,offertorium,8,Posuisti,482
603,8,right,555,350,976,375,offertorium,8,Precatus est Moyses,317
604,8,right,555,380,977,405,offertorium,2,"Protege, Domine",599
605,8,right,558,440,976,465,offertorium,1,Recordare mei,352
606,8,right,558,470,976,494,offertorium,1,"Recordare, Virgo Mater",422
607,8,right,555,499,976,525,offertorium,5,Reges Tharsis,58
608,8,right,557,531,974,555,offertorium,1,Repleti sumus,441
609,8,right,555,590,976,614,offertorium,5,Sanctificavit,338
610,8,right,556,620,977,644,offertorium,8,Scapuis sus,76
611,8,right,556,650,975,674,offertorium,8,Si ambulavero,341
612,8,right,555,680,977,704,offertorium,5,Sicut in holocausto,299
613,8,right,555,710,977,734,offertorium,3,Sperent in te,286
614,8,right,557,740,977,764,offertorium,1,Stetit angelus,610
615,8,right,557,769,976,795,offertorium,1,Super flumina,345
616,8,right,555,830,978,854,offertorium,4,Terra tremuit,199
617,8,right,555,860,978,884,offertorium,2,Tollite portas,40
618,8,right,555,890,977,915,offertorium,4,Tui sunt caeli,49
619,8,right,555,950,976,974,offertorium,2,Veritas mea,483
620,8,right,555,980,977,1004,offertorium,2,Vir erat,349
621,8,right,557,1010,978,1034,offertorium,1,Viri Galilaei,237
623,8,right,556,1133,977,1157,communio,4,Ab occultis meis,113
624,8,right,555,1164,978,1188,communio,4,Acceptabis,309
625,8,right,555,1194,979,1218,communio,5,Adversum me,154
626,8,right,555,1223,910,1246,communio,6,Alleluia (ter),195
627,8,right,557,1253,978,1277,communio,1,Amen dico vobis : Quidquid,368
628,8,right,556,1283,979,1308,communio,4,Amen dico vobis : Quod uni,79
629,8,right,558,1313,979,1337,communio,1,Amen dico vobis : Quod vos,436
630,8,right,557,1342,979,1368,communio,2,Auferame,353
631,8,right,559,1403,979,1427,communio,1,Beata viscera,423
632,8,right,557,1433,979,1458,communio,6,Beatam me dicent,592
633,8,right,560,1463,980,1488,communio,1,Beati mundo corde,514
634,9,left,95,109,513,136,communio,3,Beatus servus,491
635,9,left,94,139,515,164,communio,4,Benedicimus Deum,376
636,9,left,95,169,515,193,communio,3,"Benedicite, omnes angeli",610
637,9,left,95,237,514,263,communio,2,Cantabo Domino,283
638,9,left,95,267,515,289,communio,2,Cantate Domino,222
639,9,left,95,297,516,322,communio,8,Christus resurgens,207
640,9,left,95,327,516,353,communio,6,Circuibo,297
641,9,left,96,357,515,382,communio,8,Comedite pinguia,268
642,9,left,97,388,516,413,communio,1,Confundantur superbi,529
643,9,left,95,417,516,439,communio,2,Cum invocarem te,80
644,9,left,97,488,516,512,communio,1,Data est mihi,213
645,9,left,96,518,517,543,communio,6,De fructu,329
646,9,left,96,547,516,571,communio,8,Dicit Andreas,263
647,9,left,96,577,450,602,communio,6,Dicit Dominus : Implete hydrias,263
649,9,left,96,637,516,661,communio,7,Dicite : Pusillanimes,23
650,9,left,97,668,518,691,communio,8,Dico autem vobis,470
651,9,left,97,697,518,722,communio,5,Dico vobis : Gaudium,387
652,9,left,97,728,517,752,communio,6,Diffusa est gratia,423
653,9,left,96,757,518,782,communio,4,Dilexisti iustitiam,506
654,9,left,97,788,518,811,communio,2,"Domine, Deus meus",87
655,9,left,97,818,518,842,communio,2,"Domine, Dominus noster",357
656,9,left,98,848,518,871,communio,8,"Domine, memorabor",332
657,9,left,97,878,518,902,communio,7,"Domine, quinque talenta",515
658,9,left,97,908,518,932,communio,6,"Domine, quis habitabit",102
659,9,left,100,934,519,966,communio,1,Dominus dabit benignitatem,17
660,9,left,98,968,451,987,communio,2,Dominus firmamentum meum,290
662,9,left,98,1028,519,1052,communio,2,Dominus regit mne,365
663,9,left,99,1058,519,1081,communio,3,Dominus virtutum,108
664,9,left,99,1088,519,1112,communio,5,Domus mea,402
665,9,left,100,1118,520,1141,communio,8,Dum venerit Paraclitus,233
666,9,left,99,1190,520,1210,communio,6,Ecce Dominus veniet,26
667,9,left,101,1220,520,1244,communio,1,Ecce virgo,37
668,9,left,100,1250,521,1274,communio,8,Ego clamavi,287
669,9,left,100,1280,522,1304,communio,2,Ego sum pastor bonus,224
670,9,left,100,1310,521,1334,communio,8,Ego sum vitis vera,228
671,9,left,102,1340,523,1364,communio,1,Ego vos elegi,436
672,9,left,100,1370,521,1394,communio,4,Erubescant et conturbentur,85
673,9,left,101,1399,522,1424,communio,7,Erubescant et revereantur,152
674,9,left,103,1430,523,1453,communio,1,Et si coram hominibus,470
675,9,left,101,1459,522,1483,communio,2,Exiit sermno,637
676,9,right,552,110,974,137,communio,4,"Exsulta, filia Sion",47
677,9,right,552,139,973,163,communio,6,Exsultavit ut gigas,28
678,9,right,553,199,974,226,communio,7,Factus est repente,256
679,9,right,553,229,975,255,communio,4,Feci iudicium,529
680,9,right,553,259,972,285,communio,7,Fidelis servus,491
681,9,right,555,289,973,315,communio,1,"Fili, quid fecisti",51
682,9,right,555,319,975,344,communio,1,"Florete, flores",614
683,9,right,554,348,975,373,communio,3,Frumentum Christi sum,617
684,9,right,556,408,975,434,communio,1,"Gaudete, iusti",442
685,9,right,555,439,974,463,communio,8,Glorioa,631
686,9,right,555,469,975,493,communio,3,Gustate et videte,303
687,9,right,555,530,976,553,communio,8,Hoc corpus,170
688,9,right,555,560,977,583,communio,6,Honora Dominum,314
689,9,right,555,619,977,644,communio,4,"Ierusalem, quae aedificatur",370
690,9,right,556,649,977,674,communio,2,"Ierusalem, surge",20
691,9,right,558,680,975,703,communio,1,Illumina faciem tuam,271
692,9,right,558,709,978,734,communio,1,In salutari tuo,350
693,9,right,555,740,978,764,communio,6,In splendoribus,44
694,9,right,555,770,978,795,communio,4,Inclina aurem tuam,300
695,9,right,556,800,977,825,communio,5,Intellege clamorem,82
696,9,right,557,830,979,852,communio,8,Introibo,274
697,9,right,557,860,978,884,communio,7,"Ioseph, fili David",552
698,9,right,557,890,978,913,communio,3,Iustorum animae,470
699,9,right,557,920,978,944,communio,5,Iustus Dominus,93
700,9,right,557,980,979,1004,communio,2,Laetabimur,359
701,9,right,558,1010,980,1034,communio,5,Laetabitur iustus,444
702,9,right,558,1040,979,1063,communio,8,Lavabo,129
703,9,right,557,1070,978,1090,communio,6,Lutum fecit,111
704,9,right,559,1099,979,1122,communio,8,Lux aeterna,676
705,9,right,558,1159,981,1184,communio,4,Magna est gloria eius,437
706,9,right,560,1188,980,1211,communio,1,Manducaverunt,278
707,9,right,558,1218,981,1244,communio,4,Memento verbi tui,346
708,9,right,560,1250,982,1274,communio,8,Mense septimo,274
709,9,right,559,1278,981,1304,communio,7,Mirabantur omnes,267
710,9,right,559,1309,914,1332,communio,6,"Mitte manum tuam, et cognose",218
712,9,right,560,1369,915,1388,communio,6,Mitte manum tuam in latus meum,660
714,9,right,562,1429,983,1452,communio,8,Modium,234
715,9,right,561,1459,981,1483,communio,2,Multitudo languentium,471
716,10,left,99,108,520,129,communio,2,Narrabo,281
717,10,left,99,139,521,163,communio,7,Ne tradideris me,132
718,10,left,100,168,522,192,communio,8,Nemo te condemnavit,124
719,10,left,99,198,520,223,communio,5,Non vos relinquam orphanos,232
720,10,left,99,228,453,252,communio,7,Notas mihi fecisti (sine allelua),260
722,10,left,99,288,453,313,communio,7,Notas mihi fecisti (cum alleluia),362
724,10,left,98,378,452,403,communio,2,Omnes qui in Christo baptizati estis,61
726,10,left,99,439,518,463,communio,8,Oportet te,95
727,10,left,99,468,519,494,communio,8,Optimam partem,507
728,10,left,98,529,519,553,communio,5,Pacem meam,228
729,10,left,98,558,519,584,communio,5,Panem de caelo,319
730,10,left,100,589,518,614,communio,1,Panis quem ego dedero,322
731,10,left,97,618,518,644,communio,6,Pascha nostrum,199
732,10,left,99,649,519,674,communio,1,Passer invenit,306
733,10,left,97,680,517,704,communio,4,"Pater, cum essem",243
734,10,left,98,709,519,734,communio,8,"Pater, si non potest",149
735,10,left,97,739,519,764,communio,4,Per signum crucis,600
736,10,left,99,769,518,794,communio,1,Petite (sine alleluia),83
737,10,left,99,800,518,824,communio,1,Petite (cum alleluia),314
738,10,left,97,830,519,854,communio,7,Populus acquisitionis,210
739,10,left,99,859,516,884,communio,1,Posuerunt,471
740,10,left,97,890,518,914,communio,6,Posuisti,483
741,10,left,97,919,518,944,communio,2,Potum meum,157
742,10,left,97,950,518,974,communio,8,Primum quaerite,325
743,10,left,99,979,519,1005,communio,1,Principes,530
744,10,left,98,1009,519,1034,communio,1,Psallite Domino,238
745,10,left,97,1070,520,1096,communio,3,Qui biberit aquam,99
746,10,left,97,1100,452,1125,communio,7,Qui biberit aquam (altera melodia),99
748,10,left,97,1161,518,1185,communio,6,Qui manducat,383
749,10,left,97,1190,519,1215,communio,3,Qui meditabitur,67
750,10,left,98,1220,519,1245,communio,5,Qui mihi ministrat,484
751,10,left,98,1251,519,1275,communio,1,Qui vult venire,484
752,10,left,99,1280,518,1306,communio,1,Quicumque fecerit,515
753,10,left,98,1311,519,1336,communio,5,Quinque prudentes virgines,507
754,10,left,97,1341,517,1365,communio,5,Quis dabit,101
755,10,left,97,1370,518,1395,communio,4,Quod dico vobis,472
756,10,right,560,110,980,134,communio,7,"Redime me, Deus",128
757,10,right,559,140,981,165,communio,8,Responsum,544
758,10,right,561,170,981,195,communio,1,Revelabitur,40
759,10,right,558,229,979,254,communio,3,Scapulis suis,77
760,10,right,558,260,977,284,communio,6,Sedebit Dominus,391
761,10,right,557,290,978,314,communio,4,Semel iuravi,492
762,10,right,558,320,978,344,communio,5,Servite Domino,68
763,10,right,557,350,979,374,communio,4,Si ambulavero,867
764,10,right,557,380,978,406,communio,7,Si consurrexistis,205
765,10,right,557,410,978,435,communio,7,Signa,437
766,10,right,558,440,978,465,communio,8,Simile est regnum celorum,519
767,10,right,556,470,978,496,communio,6,Simon Ioannis,574
768,10,right,557,501,977,525,communio,8,Spiritus qui a Patre procedit,233
769,10,right,557,531,977,555,communio,8,Spiritus Sanctus docebit vos,232
770,10,right,557,560,977,585,communio,8,Spiritus ubi vult spirat,218
771,10,right,556,591,977,611,communio,6,Surrexit Dominus,202
772,10,right,555,651,978,676,communio,4,Tanto tempore,560
773,10,right,556,681,975,705,communio,7,Tolle puerum,51
774,10,right,555,711,977,735,communio,4,Tollite hostias,338
775,10,right,556,742,976,766,communio,3,"Tu, Domine, servabis",95
776,10,right,556,772,977,796,communio,6,Tu es Petrus,550
776,10,right,556,772,977,796,communio,6,Tu es Petrus,577
777,10,right,556,802,976,828,communio,5,Tu mandasti,342
778,10,right,556,833,976,857,communio,2,"Tu, puer",572
779,10,right,557,892,975,917,communio,5,Ultimo festivitatis,251
780,10,right,556,922,977,947,communio,7,Unam petii,294
781,10,right,556,951,977,977,communio,7,Unus militum,387
782,10,right,558,1012,975,1035,communio,1,"Veni, Domine",31
783,10,right,557,1041,977,1067,communio,8,Venite post me,267
784,10,right,558,1072,978,1095,communio,1,Videns Dominus,124
785,10,right,557,1101,976,1127,communio,8,Video caelos apertos,635
786,10,right,558,1132,977,1156,communio,1,Viderunt omnes,50
787,10,right,556,1162,978,1187,communio,4,Vidimus stellam,59
788,10,right,558,1192,976,1216,communio,1,Visionem,90
788,10,right,558,1192,976,1216,communio,1,Visionem,585
789,10,right,556,1223,975,1245,communio,6,Voce mea,71
790,10,right,558,1252,977,1277,communio,1,Vos qui secuti estis me,438
791,10,right,556,1281,911,1307,communio,2,Vos qui secuti estis me dicit Dominus,438
793,10,right,556,1343,977,1366,communio,2,Vovete,335
794,10,right,556,1372,978,1397,communio,7,Vox in Rama,638
796,11,left,91,167,513,193,antiphona,6,Adorna,540
797,11,left,91,197,513,222,antiphona,6,Alleluia (ter),195
797,11,left,91,197,513,222,antiphona,6,Alleluia (ter),852
798,11,left,92,228,513,252,antiphona,8,Aperite mihi portas iustitiae,698
799,11,left,92,258,514,282,antiphona,4,Apud Dominum,678
799,11,left,92,258,514,282,antiphona,4,Apud Dominum,877
800,11,left,92,288,513,312,antiphona,7,Asperges me I,707
801,11,left,92,317,446,342,antiphona,7,Asperges me II (tonus simplex),707
803,11,left,93,378,513,403,antiphona,4,Asperges me III,708
804,11,left,92,408,514,433,antiphona,2,Audivi vocem de celo,689
805,11,left,93,463,513,488,antiphona,7,Caro mea,702
805,11,left,93,463,513,488,antiphona,7,Caro mea,883
806,11,left,94,493,512,518,antiphona,8,Chorus angelorum,697
806,11,left,94,493,512,518,antiphona,8,Chorus angelorum,881
807,11,left,93,524,514,548,antiphona,4,Credo videre bona Domini,704
808,11,left,93,554,513,578,antiphona,4,Crucem tuam,175
809,11,left,94,607,514,631,antiphona,8,Delicta iuventutis meae,882
809,11,left,94,607,514,631,antiphona,8,Delicta iuventutis meae,701
810,11,left,94,638,413,662,antiphona,5,"Domine, tu mihi lavas pedes",165
810,11,left,94,638,413,662,antiphona,5,"Domine, tu mihi lavas pedes",885
812,11,left,94,698,513,725,antiphona,2,Dominus Iesus,165
812,11,left,94,698,513,725,antiphona,2,Dominus Iesus,885
813,11,left,94,752,514,776,antiphona,3,Ecce Dominus noster,539
814,11,left,95,783,515,807,antiphona,6,Ecce lignum crucis,174
815,11,left,94,812,515,836,antiphona,2,Ego sum resurrectio,697
815,11,left,94,812,515,836,antiphona,2,Ego sum resurrectio,882
816,11,left,96,842,515,866,antiphona,1,Exsultabunt Domino,688
816,11,left,96,842,515,866,antiphona,1,Exsultabunt Domino,878
817,11,left,94,896,516,921,antiphona,4,Habitabit,680
818,11,left,97,926,515,950,antiphona,1,Haec porta Domini,699
819,11,left,95,956,516,980,antiphona,7,Hosanna filio David,137
820,11,left,96,1011,516,1035,antiphona,1,Immutemur habitu,65
821,11,left,95,1041,517,1065,antiphona,7,In hoc cognoscent omnes,886
821,11,left,95,1041,517,1065,antiphona,7,In hoc cognoscent omnes,166
822,11,left,96,1071,517,1095,antiphona,8,In pace in idipsum,703
823,11,left,96,1101,515,1125,antiphona,7,In paradisum,697
823,11,left,96,1101,515,1125,antiphona,7,In paradisum,881
824,11,left,96,1131,517,1155,antiphona,4,Iuxta vestibulum,65
825,11,left,97,1185,451,1209,antiphona,8,Lumen ad revelationem gentium,540
827,11,left,99,1269,520,1293,antiphona,3,Mandatum novum,167
827,11,left,99,1269,520,1293,antiphona,3,Mandatum novum,886
828,11,left,98,1299,520,1324,antiphona,7,Maneant in vobis,167
828,11,left,98,1299,520,1324,antiphona,7,Maneant in vobis,887
829,11,left,99,1329,521,1353,antiphona,8,Memento mei,679
829,11,left,99,1329,521,1353,antiphona,8,Memento mei,877
830,11,left,101,1383,522,1407,antiphona,8,Obtulerunt,849
831,11,left,101,1437,523,1462,antiphona,3,Placebo Domino,686
831,11,left,101,1437,523,1462,antiphona,3,Placebo Domino,877
832,11,left,101,1467,524,1492,antiphona,4,Postquam surrexit,164
832,11,left,101,1467,524,1492,antiphona,4,Postquam surrexit,884
833,11,right,552,112,972,136,antiphona,1,Pueri portantes,138
834,11,right,553,142,972,166,antiphona,1,Pueri vestimenta,140
835,11,right,553,198,970,224,antiphona,1,Qui exspectant Dominum,691
836,11,right,551,229,973,254,antiphona,8,Qui habitas in caelis,690
837,11,right,551,286,973,311,antiphona,2,Redemptor meus vivit,687
838,11,right,551,316,971,341,antiphona,2,Responsum accepit,541
839,11,right,551,374,972,398,antiphona,4,Si ego Dominus,166
839,11,right,551,374,972,398,antiphona,4,Si ego Dominus,885
840,11,right,551,404,972,428,antiphona,2,Sitivit anima mea,700
840,11,right,551,404,972,428,antiphona,2,Sitivit anima mea,882
841,11,right,551,461,973,485,antiphona,6,Ubi caritas,168
841,11,right,551,461,973,485,antiphona,6,Ubi caritas,887
842,11,right,552,518,974,544,antiphona,8,Vidi aquam,708
844,11,right,553,650,972,674,hymnus,8,Aeterne rex altissime,855
845,11,right,553,704,973,729,hymnus,7,Benedictus es,372
846,11,right,554,757,973,782,hymnus,1,"Gloria, laus",141
847,11,right,553,812,975,837,hymnus,4,Iesu nostra redemptio,854
848,11,right,553,867,975,890,hymnus,2,O Redemptor,159
849,11,right,554,921,975,945,hymnus,3,"Pange, lingua corporis",850
849,11,right,554,921,975,945,hymnus,3,"Pange, lingua corporis",170
850,11,right,556,951,975,975,hymnus,1,"Pange, lingua praelium",182
851,11,right,554,1008,974,1033,hymnus,4,Sacris solemniis,851
852,11,right,556,1038,975,1063,hymnus,1,Sacris solemniis (alter tonus),852
853,11,right,556,1095,976,1120,hymnus,3,Te Deum (tonus solemnis),838
854,11,right,556,1125,975,1151,hymnus,3,Te Deum (tonus simplex),841
855,11,right,556,1156,910,1181,hymnus,3,Te Deum (secundum morem Romanum),844
857,11,right,558,1242,978,1265,hymnus,8,Veni Creator,848
858,11,right,559,1272,980,1297,hymnus,8,Verbum supernum,854
860,11,right,574,1406,916,1429,psalmus,24,"Ad te, Domine, levavi animam mean",701
